Reef,Zone,Latitude,Longitude,median_ubed90,per_suitable,temp_median,Secchi_median
11049S,Front,-11.36511992,143.3463322,0.276795901,0.938947368,27.35995197,20.27658653
11049S,Flank2,-11.3652708,143.3368884,0.223952383,0.742,27.35995197,20.27658653
11049S,Flank1,-11.35702019,143.3377523,0.242309615,0.517368421,27.36047173,20.27658653
11049S,Back,-11.35828281,143.323843,0.182636458,0.784285714,27.3629179,20.27658653
11162S,Front,-11.60787217,143.2984675,0.146613613,0.578095238,27.28152084,16.30739212
11162S,Flank2,-11.60902898,143.2839875,0.093656696,0.811764706,27.27866364,16.30739212
11162S,Back,-11.601205,143.281131,0.075738329,0.415,27.28518677,16.30739212
11162S,Flank1,-11.5986105,143.2949374,0.158105318,0.472222222,27.2956543,16.30739212
12071S,Back,-12.491621,143.7659393,0.166786935,0.668125,27.10439587,20.90008736
12071S,Flank2,-12.4934499,143.7763755,0.339266196,0.919444444,27.12140751,20.90008736
12071S,Flank1,-12.48266032,143.7685075,0.215681117,0.830625,27.10307121,20.90008736
12071S,Front,-12.4829675,143.7767907,0.37480329,0.836666667,27.12444782,20.90008736
13040S,Flank2,-13.2890361,143.9427668,0.051690472,0.831111111,27.06448174,20.79574013
13040S,Flank1,-13.2612285,143.9455781,0.242555209,0.8435,27.08161736,20.79574013
13040S,Front,-13.27748509,143.9523647,0.442479551,0.993962264,27.06738377,20.79574013
13040S,Back,-13.27566906,143.9416725,0.129588585,0.569428571,27.05694008,20.79574013
13063S,Flank2,-13.43824517,143.8140367,0.088139728,0.6304,27.05780125,17.2152729
13063S,Front,-13.42796071,143.8341018,0.136665158,0.639285714,27.07353783,17.2152729
13063S,Flank1,-13.40808663,143.82744,0.107742483,0.8225,27.07012272,17.2152729
13063S,Back,-13.42272193,143.8061757,0.071622763,0.666779661,27.05634308,17.2152729
13093A,Flank1,-13.75154567,143.9950592,0.210289158,0.956956522,27.00395584,17.57894707
13121S,Front,-13.77518086,144.2712123,0.368521869,0.929473684,27.08929253,21.35190582
13121S,Flank1,-13.7662154,144.2622759,0.304558143,0.733333333,27.0833931,21.35190582
13121S,Flank2,-13.79001442,144.2762466,0.289729387,0.833125,27.07193565,21.35190582
13121S,Back,-13.78212922,144.2632924,0.133434445,0.405238095,27.0753994,21.35190582
13124S,Flank2,-13.88564953,144.082967,0.029512057,0.676944444,26.86949253,14.92225742
13124S,Front,-13.8685655,144.0930157,0.093447696,0.784166667,26.88269997,14.92225742
13124S,Back,-13.86916229,144.0692399,0.021840182,0.330958904,27.02453804,14.92225742
13124S,Flank1,-13.85262928,144.0802128,0.149082515,0.637297297,26.8959322,14.92225742
14056S,Front,-14.32974809,144.9655094,0.203471966,0.546346154,26.74626732,13.27023792
14056S,Flank2,-14.35136442,144.9593219,0.221439257,0.524,26.72596264,13.27023792
14056S,Flank1,-14.31630558,144.9574995,0.206721704,0.209166667,26.74758148,13.27023792
14056S,Back,-14.33524442,144.9555555,0.118644256,0.261136364,27.0718441,13.27023792
14075S,Front,-14.28135024,145.154116,0.361050673,0.981904762,26.85120583,22.52118492
14075S,Back,-14.29297075,145.1713761,0.224359922,0.954814815,26.78630638,22.52118492
15034S,Front,-15.30682528,145.7706223,0.595357835,1,26.90699863,23.62600136
15034S,Flank2,-15.31897586,145.7702983,0.579322278,1,26.94486904,23.62600136
15034S,Flank1,-15.30760512,145.7595384,0.215433821,0.93826087,26.88188553,23.62600136
15034S,Back,-15.31694938,145.7570102,0.246043101,0.905,26.88875961,23.62600136
15077S,Back,-15.55926841,145.6511689,0.221730009,0.895,26.93623924,16.912817
15077S,Flank2,-15.56174905,145.6609754,0.259718075,0.925,26.94004726,16.912817
15077S,Flank1,-15.55609241,145.6584548,0.247181982,0.678888889,26.93805408,16.912817
15077S,Front,-15.5586073,145.6720245,0.36597576,0.983157895,26.93606663,16.912817
16013A,Flank1,-16.01763575,145.7965772,0.416429251,0.993333333,26.94310379,22.08869171
16013A,Back,-16.01674401,145.7932041,0.495648772,0.97,26.93503761,22.08869171
16013A,Front,-16.02023761,145.7950456,0.497271568,1,26.93726254,22.08869171
16013A,Flank2,-16.01938136,145.7908973,0.331168436,0.991428571,26.94542885,22.08869171
16013B,Back,-16.01802377,145.8071535,0.407399476,0.854,26.92816257,22.08869171
16013B,Flank2,-16.02047949,145.8064697,0.276040554,1,26.92816257,22.08869171
16013B,Front,-16.01990013,145.8099489,0.518430203,1,26.92816257,22.08869171
16013B,Flank1,-16.01802511,145.810512,0.494332194,1,26.92816257,22.08869171
16013C,Flank2,-16.03497005,145.8075981,0.431109369,0.965,26.95892715,21.62664986
16013C,Front,-16.03470134,145.8088609,0.534112036,1,26.95892715,21.62664986
16013C,Flank1,-16.03346693,145.8080134,0.475693658,0.84,26.95892715,21.62664986
16013C,Back,-16.03389265,145.8064495,0.434991375,0.72,26.95892715,21.62664986
16017S,Flank2,-16.08318331,145.718609,0.300023831,0.576666667,26.97753525,19.57940483
16017S,Flank1,-16.07679766,145.7266702,0.472696744,1,26.99465466,19.57940483
16017S,Back,-16.08040396,145.7202842,0.303470783,0.903333333,26.97753525,19.57940483
16017S,Front,-16.07989253,145.7240019,0.240789428,0.996666667,26.97753525,19.57940483
19131S,Flank1,-19.76038505,149.3803468,0.388242312,0.920810811,26.30021858,14.85199833
19131S,Front,-19.77181618,149.3730644,0.440743834,1,26.31186008,14.85199833
19131S,Flank2,-19.75847221,149.3591371,0.383030519,0.978292683,26.30431652,14.85199833
19131S,Back,-19.75288192,149.3646489,0.238786303,0.538571429,26.30102158,14.85199833
19138S,Flank2,-19.80657216,149.4192907,0.356763333,0.932777778,26.26900387,20.10301208
19138S,Front,-19.8064304,149.4287477,0.576568693,1,26.19225407,20.10301208
19138S,Flank1,-19.79495442,149.429493,0.355721429,0.903684211,26.26409054,20.10301208
19138S,Back,-19.79585013,149.4211564,0.223336682,0.763846154,26.26191139,20.10301208
20104S,Flank2,-20.03533792,149.6825936,0.284548506,0.997142857,26.31818295,19.78277206
20104S,Front,-20.03947234,149.6877095,0.4164152,1,26.21642303,19.78277206
20104S,Flank1,-20.0318444,149.6943203,0.40616408,0.941176471,26.2116766,19.78277206
20104S,Back,-20.02637344,149.6862428,0.218858734,0.686818182,26.1970005,19.78277206
20348S,Front,-20.90133176,150.9542408,0.320297495,0.986052632,25.73652267,15.24900436
20348S,Back,-20.88143617,150.9470346,0.237666145,0.194246575,25.7118082,15.24900436
20348S,Flank2,-20.89542932,150.9379107,0.219941556,0.7228,25.72040272,15.24900436
20348S,Flank1,-20.89033403,150.9616975,0.366595313,0.467307692,25.7111187,15.24900436
20353S,Front,-20.97758518,150.9200175,0.290698729,0.941153846,25.75445557,15.33594513
20353S,Flank2,-20.96916033,150.9083213,0.28623879,0.922857143,25.75703621,15.33594513
20353S,Flank1,-20.96736508,150.9288492,0.345563561,0.9478125,25.75146008,15.33594513
20354S,Flank2,-20.97559105,150.9491047,0.32516858,0.985555556,25.75715256,14.85608768
20354S,Front,-20.97770637,150.9548682,0.434145376,1,25.9839468,14.85608768
20354S,Back,-20.97143252,150.94982,0.295143723,0.560740741,25.76432896,14.85608768
20354S,Flank1,-20.97104528,150.9554864,0.340606362,0.673571429,25.76432896,14.85608768
21060S,Front,-21.01894162,150.5919837,0.397992127,0.909230769,25.88074684,16.054739
21060S,Flank2,-21.01650006,150.5866264,0.292882189,0.481428571,25.88201237,16.054739
21060S,Back,-21.01041699,150.5890331,0.279536799,0.56,25.88201237,16.054739
21060S,Flank1,-21.01110195,150.5964052,0.418025464,0.93375,25.87031841,16.054739
21062S,Flank1,-21.02940374,150.8749132,0.399366125,0.99,25.80809498,15.28500557
21062S,Back,-21.02561974,150.856971,0.311239265,0.565714286,25.79333878,15.28500557
21062S,Front,-21.04202541,150.8680715,0.250501141,0.954,25.79272175,15.28500557
21062S,Flank2,-21.03597824,150.8555524,0.181097098,0.837857143,25.80073357,15.28500557
21064S,Back,-21.05240428,150.7776789,0.326506495,0.814545455,25.80618,15.22326088
21064S,Front,-21.0632434,150.7782981,0.242446434,0.973478261,25.80618,15.22326088
21064S,Flank2,-21.05968366,150.7708411,0.183148742,0.968333333,25.8101778,15.22326088
21064S,Flank1,-21.05461,150.7849271,0.435729392,0.894166667,25.80396843,15.22326088
21139S,Front,-21.47885137,151.4848828,0.33763729,0.999574468,25.66588688,16.81137466
21139S,Flank2,-21.48959451,151.4615602,0.259268314,0.948717949,25.67534542,16.81137466
21139S,Back,-21.46824524,151.4539195,0.252930194,0.951964286,25.67601204,16.81137466
21139S,Flank1,-21.45801809,151.4748146,0.315134145,0.928974359,25.66745949,16.81137466
21187S,Front,-21.42303029,151.630717,0.29069896,0.999692308,25.66305161,17.2983551
21187S,Back,-21.41006387,151.6226919,0.184801757,0.71625,26.03137112,17.2983551
21187S,Flank2,-21.41950321,151.6088721,0.112076744,1,25.56461811,17.2983551
21187S,Flank1,-21.40717086,151.6416474,0.376824565,0.938571429,25.63951588,17.2983551
21245S,Flank1,-21.29706542,152.4432078,0.388316214,0.908571429,25.66612244,15.9629755
21245S,Back,-21.30562656,152.4355485,0.201231591,0.585396825,25.74196434,15.9629755
21245S,Flank2,-21.31133018,152.4281544,0.195755512,0.642,25.67952442,15.9629755
21245S,Front,-21.30786646,152.4427597,0.370749816,0.995714286,25.64845085,15.9629755
21278S,Flank2,-21.10995102,152.5437831,0.522256315,0.92,25.88101578,15.47457886
21278S,Front,-21.10256275,152.5531281,0.56886062,0.99625,25.05724239,15.47457886
21278S,Flank1,-21.10119548,152.5402369,0.29925821,0.938333333,25.87524033,15.47457886
21278S,Back,-21.10748212,152.5332972,0.209784798,0.277142857,25.85308266,15.47457886
21296S,Flank1,-21.3308579,152.5683662,0.599403262,1,25.66010857,15.56381798
21296S,Front,-21.34184372,152.5553453,0.562817588,1,25.62863922,15.56381798
21296S,Back,-21.33658965,152.5508041,0.245105162,0.254318182,25.66056824,15.56381798
21296S,Flank2,-21.34800957,152.5384638,0.593553364,1,25.63844585,15.56381798
21302S,Front,-21.43367926,152.5851242,0.952495039,1,25.62348652,16.33641434
21302S,Flank2,-21.43524306,152.5731682,0.626585394,1,25.64922714,16.33641434
21302S,Flank1,-21.42583527,152.584382,0.8421911,1,25.64191246,16.33641434
21302S,Back,-21.43222931,152.5787043,0.623915419,0.940333333,25.64191246,16.33641434
21529S,Back,-21.86354713,152.1737223,0.279402271,0.148461538,25.60374069,16.34680367
21529S,Flank1,-21.86744947,152.1853333,0.628885031,1,25.60797977,16.34680367
21529S,Flank2,-21.87370312,152.1632974,0.247770332,0.810625,25.5914526,16.34680367
21529S,Front,-21.87558878,152.1742989,0.331450492,0.9905,25.61262131,16.34680367
21550S,Flank2,-21.95592581,152.2976771,0.311751783,0.714444444,25.56289291,16.82251358
21550S,Flank1,-21.95453242,152.3205596,0.2964461,0.7704,25.56800556,16.82251358
21550S,Front,-21.96244217,152.3070176,0.309603162,0.9856,25.56636715,16.82251358
21550S,Back,-21.94766325,152.3109597,0.205201801,0.411891892,25.57536125,16.82251358
21558S,Flank2,-21.55909241,152.5376287,0.616720766,0.973548387,25.58850765,15.95290279
21558S,Front,-21.55049852,152.5591814,0.957949281,0.999756098,25.60527515,15.95290279
21558S,Flank1,-21.54075269,152.5492891,0.460067324,0.942040816,25.60382366,15.95290279
21558S,Back,-21.55208114,152.5264313,0.349452853,0.726521739,25.59514236,15.95290279
21591S,Flank1,-21.02970669,150.3815096,0.320457272,0.975454545,25.95469379,16.23606682
21591S,Back,-21.0245993,150.3757494,0.259871639,0.767142857,25.80238056,16.23606682
21591S,Flank2,-21.02650186,150.3630596,0.353330329,0.85375,25.94093895,16.23606682
21591S,Front,-21.03327411,150.3705086,0.324031562,0.981666667,25.94395828,16.23606682
22084S,Flank1,-22.00022091,152.470548,0.266848385,0.945625,25.62388802,16.60138893
22084S,Back,-21.99810351,152.4639968,0.213612061,0.245789474,25.62260818,16.60138893
22084S,Flank2,-22.00140346,152.4559139,0.198233172,0.836666667,24.94598103,16.60138893
22084S,Front,-22.00342286,152.4619449,0.136054732,1,25.62388802,16.60138893
AGINCOURT REEFS (NO 1),Flank2,-16.06422288,145.8653701,0.581185371,0.945555556,27.03964424,24.40787888
AGINCOURT REEFS (NO 1),Front,-16.05278132,145.8709994,0.807907522,1,27.01454544,24.40787888
AGINCOURT REEFS (NO 1),Flank1,-16.03970723,145.8656327,0.500918627,0.917,26.98457813,24.40787888
AGINCOURT REEFS (NO 1),Back,-16.05203928,145.8663324,0.269630179,0.406451613,26.98436546,24.40787888
ANDERSEN REEF,Front,-15.79280143,145.8094605,0.668979645,1,26.96439171,23.89014626
ANDERSEN REEF,Flank1,-15.78166921,145.8144897,0.6920463,1,26.989645,23.89014626
ANDERSEN REEF,Flank2,-15.79472134,145.7996465,0.418214813,0.952083333,26.94210911,23.89014626
ANDERSEN REEF,Back,-15.78726242,145.8031711,0.403390512,0.962,26.94665337,23.89014626
ARLINGTON REEF,Flank2,-16.67751943,146.1180162,0.635923445,0.997931034,27.09860706,19.50710297
ARLINGTON REEF,Front,-16.65328773,146.1125359,0.584572941,1,27.11745167,19.50710297
ARLINGTON REEF,Back,-16.66039618,146.090835,0.279955342,0.182631579,26.87019157,19.50710297
ARLINGTON REEF,Flank1,-16.64246989,146.0936536,0.391931951,0.813142857,26.77336216,19.50710297
ASHMORE BANKS (1),Front,-11.88787611,143.6466522,0.13795656,0.90375,27.19496536,22.09885216
ASHMORE BANKS (1),Flank2,-11.88560224,143.6414179,0.161189213,0.961111111,27.19277763,22.09885216
ASHMORE BANKS (1),Flank1,-11.88657179,143.6483299,0.148897871,0.905,27.19496536,22.09885216
ASHMORE BANKS (1),Back,-11.88452195,143.6435694,0.166850321,0.865555556,27.19149685,22.09885216
ASHMORE BANKS (2),Back,-11.8894957,143.6765262,0.117044883,0.975833333,27.19509315,22.00976944
ASHMORE BANKS (2),Flank2,-11.89201242,143.6816978,0.12266919,1,27.19096851,22.00976944
ASHMORE BANKS (2),Flank1,-11.88621353,143.6772443,0.161249168,0.895833333,27.19509315,22.00976944
ASHMORE BANKS (2),Front,-11.88972185,143.6838201,0.201697599,0.988,27.19509315,22.00976944
ASHMORE BANKS (3),Front,-11.92709682,143.6945763,0.141544566,0.993,27.19063377,21.51692772
ASHMORE BANKS (3),Flank2,-11.9272147,143.6893901,0.128601592,0.95125,27.19063377,21.51692772
ASHMORE BANKS (3),Flank1,-11.92415725,143.6942423,0.459504589,0.94,27.19225788,21.51692772
ASHMORE BANKS (3),Back,-11.92381794,143.6902931,0.18771885,0.954,27.19225788,21.51692772
BEAVER REEF,Back,-17.84004573,146.4869598,NA,0.265384615,26.72126961,19.04460526
BEAVER REEF,Flank1,-17.8370654,146.4960741,NA,0.38,26.93352509,19.04460526
BEAVER REEF,Front,-17.83983681,146.5029966,NA,0.826071429,26.93995857,19.04460526
BEAVER REEF,Flank2,-17.84452497,146.4930793,NA,0.387333333,26.88702106,19.04460526
BEN REEF,Flank2,-20.00962643,150.321578,0.668312311,0.993,25.91036987,14.17084885
BEN REEF,Flank1,-20.00467039,150.3178766,0.450885803,0.591666667,25.91036987,14.17084885
BEN REEF,Back,-20.00932692,150.3174421,0.371396035,0.504,25.91099834,14.17084885
BEN REEF,Front,-20.00404532,150.3201465,0.744243577,0.997142857,25.91036987,14.17084885
BLANCHARD REEF,Front,-13.42026344,143.770541,0.115486652,0.864756098,27.19676781,8.323641777
BLANCHARD REEF,Back,-13.41347127,143.7385342,0.031614842,0.508152174,NA,8.323641777
BLANCHARD REEF,Flank2,-13.44171445,143.7425849,0.075320993,0.61625,27.069561,8.323641777
BLANCHARD REEF,Flank1,-13.3887797,143.7689025,0.117576189,0.583488372,27.08736897,8.323641777
BORDER ISLAND REEF (NO 1),Back,-20.15527065,149.0307811,0.169489536,NA,26.47082424,13.65052986
BORDER ISLAND REEF (NO 1),Front,-20.1712249,149.0400599,0.493380234,NA,26.813797,13.65052986
BORDER ISLAND REEF (NO 1),Flank2,-20.17097261,149.0297914,0.216274142,NA,25.96057224,13.65052986
BORDER ISLAND REEF (NO 1),Flank1,-20.15514961,149.0424594,0.419869892,NA,NA,13.65052986
BOULDER REEF,Back,-15.41069181,145.4185213,0.069908991,NA,26.75580788,15.96701717
BOULDER REEF,Flank1,-15.39740038,145.4356771,0.220247108,NA,26.77012539,15.96701717
BOULDER REEF,Front,-15.41957107,145.4441811,0.289350361,NA,27.00907135,15.96701717
BOULDER REEF,Flank2,-15.43147504,145.4237059,0.217303034,NA,26.80055714,15.96701717
BOULT REEF,Flank1,-23.74745479,152.2822651,0.651884586,1,24.26647949,13.0364027
BOULT REEF,Front,-23.76281568,152.2808628,0.680320203,1,24.26670265,13.0364027
BOULT REEF,Flank2,-23.76787397,152.2600301,0.418042034,0.9745,24.31371498,13.0364027
BOULT REEF,Back,-23.75520717,152.2654055,0.316523701,0.570526316,24.29861641,13.0364027
BOWDEN REEF,Back,-19.03398906,147.9340781,0.236906659,0.467368421,26.51452351,20.27155304
BOWDEN REEF,Front,-19.0344793,147.9408478,0.401775077,0.999038462,26.59644413,20.27155304
BOWDEN REEF,Flank2,-19.05374813,147.9290233,0.215705387,0.970344828,26.64041328,20.27155304
BOWDEN REEF,Flank1,-19.01410047,147.9285674,0.246657252,0.9553125,26.62747955,20.27155304
BROOMFIELD REEF,Flank1,-23.25402664,151.9452433,0.7246297,0.999375,24.7776432,13.1684761
BROOMFIELD REEF,Front,-23.27424229,151.951652,0.819343418,1,NA,13.1684761
BROOMFIELD REEF,Flank2,-23.27310416,151.9313204,0.36141701,0.459649123,27.0718441,13.1684761
BROOMFIELD REEF,Back,-23.25386066,151.9353495,0.480056509,0.662432432,24.7853775,13.1684761
CANNAN REEF,Back,-20.48193464,150.1481566,0.210820079,0.266363636,26.16007233,18.01381493
CANNAN REEF,Flank2,-20.4851994,150.1513639,0.252801463,0.82,26.13958454,18.01381493
CANNAN REEF,Front,-20.48098422,150.1585891,0.476265833,0.684285714,26.13483047,18.01381493
CANNAN REEF,Flank1,-20.47656527,150.1546322,0.207328543,0.78,26.13483047,18.01381493
CARTER REEF,Back,-14.55313748,145.5929132,NA,0.348205128,26.79947376,23.57943153
CARTER REEF,Front,-14.53978867,145.5949825,NA,0.999390244,26.91751289,23.57943153
CARTER REEF,Flank2,-14.56893613,145.6043756,NA,0.997575758,26.80185127,23.57943153
CARTER REEF,Flank1,-14.52723739,145.570459,NA,0.918333333,26.89105225,23.57943153
CELEBRATION REEF,Front,-13.28549223,143.7036596,0.079651173,0.969705882,27.10223484,14.64007664
CELEBRATION REEF,Flank2,-13.28739359,143.6874624,0.04390227,0.643913043,27.11008072,14.64007664
CELEBRATION REEF,Flank1,-13.26939496,143.7024804,0.111660503,0.803043478,27.13475132,14.64007664
CELEBRATION REEF,Back,-13.26966446,143.6824903,0.058356655,0.356153846,27.09707642,14.64007664
CENTIPEDE REEF,Back,-18.73926564,147.5232254,0.192479655,0.398421053,26.6490469,20.38225174
CENTIPEDE REEF,Flank1,-18.73223867,147.542733,0.455140077,0.790526316,26.65488625,20.38225174
CENTIPEDE REEF,Front,-18.7468417,147.5369833,0.340385839,0.999272727,26.69270706,20.38225174
CENTIPEDE REEF,Flank2,-18.74506114,147.5152851,0.21033968,0.774545455,26.70610142,20.38225174
CHARITY REEF,Front,-19.37685988,148.342324,0.40118403,0.999545455,26.25448036,20.34702682
CHARITY REEF,Back,-19.35928066,148.3350217,0.210375778,0.61862069,26.47429943,20.34702682
CHARITY REEF,Flank1,-19.36529116,148.3474367,0.67021969,1,26.52540684,20.34702682
CHARITY REEF,Flank2,-19.37093148,148.3313022,0.133392785,0.698333333,26.48610687,20.34702682
CHICKEN REEF,Flank2,-18.6701727,147.7109931,0.497408241,0.993333333,26.66318703,20.60552979
CHICKEN REEF,Flank1,-18.65248013,147.7137788,0.379193425,0.988709677,26.67342472,20.60552979
CHICKEN REEF,Front,-18.66006808,147.7230206,0.763135821,1,26.63183975,20.60552979
CHICKEN REEF,Back,-18.66261817,147.709446,0.229383558,0.579893617,26.92876816,20.60552979
CHINAMAN REEF(16024),Flank1,-16.20501561,145.8020957,0.401404411,0.966,27.00447845,19.30827904
CHINAMAN REEF(16024),Front,-16.21496995,145.8027784,0.455353446,0.969772727,26.93919754,19.30827904
CHINAMAN REEF(16024),Flank2,-16.21781647,145.7847352,0.351562247,0.942,26.9299612,19.30827904
CHINAMAN REEF(16024),Back,-16.2104331,145.7917537,0.362409629,0.363103448,26.97956848,19.30827904
CHINAMAN REEF(22102),Flank2,-22.0110932,152.6471178,0.356690146,0.798181818,25.57096672,15.6142807
CHINAMAN REEF(22102),Front,-22.01244986,152.6568244,0.608877003,1,25.56100655,15.6142807
CHINAMAN REEF(22102),Flank1,-22.00300476,152.6671385,0.708595991,1,25.5476408,15.6142807
CHINAMAN REEF(22102),Back,-22.00038797,152.6576779,0.341361403,0.845588235,25.56421566,15.6142807
CLACK REEF,Back,-14.06339735,144.2316434,0.202870883,NA,26.8968792,12.55357933
CLACK REEF,Front,-14.06547415,144.2639456,0.345127776,NA,26.85664654,12.55357933
CLACK REEF,Flank2,-14.08014966,144.2331557,0.248455606,NA,26.91501141,12.55357933
CLACK REEF,Flank1,-14.04936359,144.2644709,0.382482067,NA,26.83302307,12.55357933
CORBETT REEF,Back,-13.92803592,144.2377258,0.252791733,0.61,26.93681145,16.38804436
CREAL REEF,Back,-20.52874551,150.3788615,0.213613063,0.854666667,25.93762016,17.37731552
CREAL REEF,Flank1,-20.53257138,150.3876261,0.480481461,0.96125,25.93826199,17.37731552
CREAL REEF,Flank2,-20.53578233,150.3762788,0.189393528,0.681428571,25.93645668,17.37731552
CREAL REEF,Front,-20.53837504,150.3840744,0.410775386,0.84,25.93645668,17.37731552
CREDLIN REEFS (EAST),Flank2,-20.55568843,149.9426958,0.328100219,0.864,26.14099312,17.26041031
CREDLIN REEFS (EAST),Flank1,-20.52246826,149.9513205,0.168318875,0.392941176,26.14763737,17.26041031
CREDLIN REEFS (EAST),Front,-20.54628654,149.9611582,0.52056542,0.983823529,26.18105793,17.26041031
CREDLIN REEFS (EAST),Back,-20.53649154,149.9376665,0.095486822,0.286382979,26.15305805,17.26041031
CREECH REEF (NORTH),Flank2,-13.63225433,144.1005699,0.118563782,0.9234375,26.97385406,21.83758736
CREECH REEF (NORTH),Front,-13.62604503,144.1139773,0.413491242,0.994324324,27.02213669,21.83758736
CREECH REEF (NORTH),Flank1,-13.61455792,144.1068609,0.257301647,0.941428571,27.04173279,21.83758736
CREECH REEF (NORTH),Back,-13.62004676,144.0957668,0.093062833,0.763461538,26.98255444,21.83758736
CURD REEF,Back,-12.58661453,143.5168953,0.245352201,0.7355,27.21174526,13.72302246
CURD REEF,Flank1,-12.58934975,143.5200163,0.19313509,0.8,27.19112301,13.72302246
CURD REEF,Front,-12.59219446,143.5134301,0.146582283,0.788125,27.21942234,13.72302246
CURD REEF,Flank2,-12.58826169,143.5073748,0.097768394,0.65875,27.23242283,13.72302246
DAVIE REEF,Flank1,-13.97133012,144.4449301,0.163661391,0.877209302,27.00508213,19.47775269
DAVIE REEF,Back,-13.98562746,144.4501945,0.208544977,0.808333333,26.95458031,19.47775269
DAVIE REEF,Flank2,-13.98148988,144.4695291,0.282600045,1,26.98736477,19.47775269
DAVIE REEF,Front,-13.97170917,144.4658365,0.365823306,0.967419355,26.9979744,19.47775269
DAVIES REEF,Flank2,-18.83340827,147.651604,0.324863285,0.990909091,26.75310993,20.21794128
DAVIES REEF,Front,-18.81193002,147.6679425,0.369309425,0.986551724,26.7006197,20.21794128
DAVIES REEF,Flank1,-18.802576,147.6571907,0.198965721,0.9535,26.66909885,20.21794128
DAVIES REEF,Back,-18.8469319,147.6343766,0.23995823,0.985882353,26.68843174,20.21794128
DIP REEF,Flank1,-18.40294767,147.4568659,0.424886629,1,26.75970078,22.92401123
DIP REEF,Front,-18.41597154,147.4631904,0.550923541,0.994255319,26.7646246,22.92401123
DIP REEF,Flank2,-18.41473853,147.454991,0.353360891,0.438039216,26.69655991,22.92401123
DIP REEF,Back,-18.40663505,147.4497433,0.294257253,0.751034483,26.76358986,22.92401123
EAST CAY REEF,Flank1,-21.46996379,152.5704663,0.636525765,0.972857143,25.76570034,16.54117393
EAST CAY REEF,Front,-21.48655921,152.5741548,0.992993951,1,25.5906868,16.54117393
EAST CAY REEF,Flank2,-21.49436391,152.5553198,0.641456544,1,25.57783508,16.54117393
EAST CAY REEF,Back,-21.48321666,152.562923,0.225581225,0.3145,25.58554649,16.54117393
EGRET REEF,Flank2,-15.47965127,145.4044416,0.106386239,NA,26.8048439,15.21032715
EGRET REEF,Flank1,-15.46998871,145.4345398,0.34239424,NA,26.86368942,15.21032715
EGRET REEF,Front,-15.4854838,145.4218932,0.347143561,NA,26.83073044,15.21032715
EGRET REEF,Back,-15.46888744,145.4216164,0.054641762,NA,NA,15.21032715
ELIZABETH REEF,Front,-19.33713597,149.0513843,0.580891788,1,26.17093468,18.95405006
ELIZABETH REEF,Flank1,-19.32539229,149.0567955,0.483729072,1,26.20402813,18.95405006
ELIZABETH REEF,Flank2,-19.33840486,149.0420348,0.242380694,0.670833333,27.19555473,18.95405006
ELIZABETH REEF,Back,-19.33185033,149.0494637,0.276309542,0.8644,26.11278248,18.95405006
ELLISON REEF,Front,-17.72849853,146.4059955,NA,0.708469388,27.0718441,18.59305
ELLISON REEF,Back,-17.72507009,146.3979986,NA,0.22402439,26.94796562,18.59305
ELLISON REEF,Flank1,-17.70778995,146.4082857,NA,0.362222222,26.99277306,18.59305
ELLISON REEF,Flank2,-17.74125027,146.3793864,NA,0.3925,26.82414913,18.59305
ERSKINE REEF,Back,-23.50158598,151.7700848,0.299218126,0.524137931,24.89285564,17.20972252
ERSKINE REEF,Front,-23.50513762,151.7815988,0.586244896,0.997826087,24.896451,17.20972252
ERSKINE REEF,Flank1,-23.49939069,151.7794165,0.424103811,0.828571429,24.89037609,17.20972252
ERSKINE REEF,Flank2,-23.50806427,151.7735117,0.375255689,1,24.90138817,17.20972252
EVENING REEF,Flank2,-15.91004587,145.6588511,0.28766565,0.869210526,26.85419083,18.78546715
EVENING REEF,Flank1,-15.89646834,145.6686582,0.30301556,0.805,26.93093967,18.78546715
EVENING REEF,Front,-15.90367594,145.6752245,0.533279106,1,26.91785049,18.78546715
EVENING REEF,Back,-15.90257769,145.6495074,0.272017106,0.7259375,26.83470058,18.78546715
EYE REEF,Back,-14.89588374,145.4753017,0.137974553,0.515454545,26.8279562,19.035532
EYE REEF,Front,-14.89362118,145.4813864,0.459398508,0.554,26.83277225,19.035532
EYE REEF,Flank1,-14.88849145,145.4782262,0.075810336,0.441666667,26.83529186,19.035532
EYE REEF,Flank2,-14.9003803,145.4804661,0.225359663,0.893333333,26.8279562,19.035532
EYRIE REEF,Back,-14.71381657,145.3695209,0.116774168,0.423492063,26.7704649,14.85327911
EYRIE REEF,Front,-14.71051124,145.3916614,0.384164259,0.652592593,NA,14.85327911
EYRIE REEF,Flank1,-14.69150216,145.379136,0.123576842,0.50925,26.78559875,14.85327911
EYRIE REEF,Flank2,-14.73153391,145.3709609,0.210304633,0.581,26.78112602,14.85327911
FAIRFAX ISLANDS REEF,Flank2,-23.8681345,152.3594397,0.329038143,0.852727273,24.24838829,13.40730095
FAIRFAX ISLANDS REEF,Front,-23.86208911,152.3773118,0.610202238,0.999,24.18908596,13.40730095
FAIRFAX ISLANDS REEF,Flank1,-23.84917411,152.3786808,0.573845744,0.985862069,NA,13.40730095
FAIRFAX ISLANDS REEF,Back,-23.85787229,152.3644592,0.2764946,0.4375,24.22139454,13.40730095
FAITH REEF,Flank1,-19.27092911,148.3552045,0.360426188,0.915,26.43334961,19.68362999
FAITH REEF,Back,-19.27681753,148.3464555,0.204782665,0.506170213,26.48578739,19.68362999
FAITH REEF,Front,-19.2835237,148.3565905,0.613052845,1,26.49679852,19.68362999
FAITH REEF,Flank2,-19.28829599,148.3469706,0.294077232,0.994285714,26.49164963,19.68362999
FARQUHARSON REEF (NO 1),Front,-17.79420565,146.5267941,NA,0.874603175,26.88779068,18.36795998
FARQUHARSON REEF (NO 1),Flank2,-17.80831748,146.498927,NA,0.369302326,26.86027336,18.36795998
FARQUHARSON REEF (NO 1),Flank1,-17.78179428,146.5257168,NA,0.347391304,26.91948986,18.36795998
FARQUHARSON REEF (NO 1),Back,-17.79374325,146.5057408,NA,0.198256881,26.80666828,18.36795998
FEATHER REEF,Flank1,-17.52060544,146.3878768,0.349949814,0.33,26.97150612,17.49609184
FEATHER REEF,Front,-17.53893428,146.3930707,0.403287277,0.980277778,26.95290661,17.49609184
FEATHER REEF,Flank2,-17.54865735,146.3762493,0.284826152,0.597142857,26.80438519,17.49609184
FEATHER REEF,Back,-17.53367614,146.3853352,0.295581639,0.278877551,27.0718441,17.49609184
FITZROY ISLAND REEF,Back,-16.92848553,145.9886842,0.147673376,NA,26.85295582,13.21352291
FITZROY ISLAND REEF,Front,-16.93376907,146.0000927,0.404043362,NA,27.0718441,13.21352291
FITZROY ISLAND REEF,Flank2,-16.93888004,145.984215,0.289888836,NA,26.9167757,13.21352291
FITZROY ISLAND REEF,Flank1,-16.92286215,145.999112,0.227063052,NA,26.84158993,13.21352291
FLORA REEF,Flank1,-17.16847165,146.3021866,0.458233401,0.933333333,27.06546974,18.26073456
FLORA REEF,Back,-17.18067007,146.2883863,0.242144596,0.162244898,26.95184708,18.26073456
FLORA REEF,Flank2,-17.20049335,146.2894915,0.264653914,0.866842105,26.8582859,18.26073456
FLORA REEF,Front,-17.18746107,146.3027457,0.353867114,0.960833333,27.03593826,18.26073456
FLY REEF,Flank2,-14.50547784,145.1510286,0.120307088,1,26.79031181,18.10122681
FLY REEF,Back,-14.50217422,145.1525621,0.266348146,0.537142857,26.79031181,18.10122681
FLY REEF,Front,-14.51026764,145.1604617,0.289945461,0.907307692,26.79633427,18.10122681
FLY REEF,Flank1,-14.50386805,145.1598416,0.3113425,0.871666667,26.78278255,18.10122681
FLYNN REEF,Back,-16.73567631,146.2636713,0.259234726,0.966666667,27.0486002,24.39599037
FLYNN REEF,Flank1,-16.72929381,146.2685033,0.289526522,0.804375,27.04764843,24.39599037
FLYNN REEF,Front,-16.73285268,146.2755346,0.729859829,1,27.05608368,24.39599037
FLYNN REEF,Flank2,-16.73870884,146.2670825,0.640705571,0.96,27.05069351,24.39599037
FORE AND AFT REEF,Back,-18.48832941,147.0476705,0.351898938,0.552272727,26.79013538,20.40481186
FORE AND AFT REEF,Flank1,-18.49351722,147.0469571,0.35881485,0.915111111,26.79013538,20.40481186
FORE AND AFT REEF,Front,-18.50598496,147.0356659,0.569983885,0.998,26.69270611,20.40481186
FORE AND AFT REEF,Flank2,-18.50371849,147.0331599,0.283630036,0.313846154,26.65896225,20.40481186
FORK REEF,Flank2,-18.6218052,147.5620507,0.298460916,0.7325,26.8478651,20.30137634
FORK REEF,Front,-18.62339413,147.5693656,0.442041025,0.996875,26.67297554,20.30137634
FORK REEF,Back,-18.60968155,147.5675425,0.242831118,0.775172414,26.67159748,20.30137634
FORK REEF,Flank1,-18.61188755,147.5774634,0.711356521,0.998333333,26.68293858,20.30137634
FORRESTER REEF,Flank1,-15.15996067,145.5137192,0.386006966,0.643529412,26.84863949,17.36497116
FORRESTER REEF,Flank2,-15.16956199,145.4785706,0.163280763,0.604888889,26.75726604,17.36497116
FORRESTER REEF,Front,-15.1807699,145.4981629,0.280513465,0.83787234,26.7992487,17.36497116
FORRESTER REEF,Back,-15.15466439,145.495351,0.19338914,0.664130435,26.76473522,17.36497116
GANNETT CAY REEF,Front,-21.98637439,152.4776283,0.200015858,1,25.61048889,16.83485794
GANNETT CAY REEF,Flank1,-21.98117877,152.4817448,0.431029037,0.988421053,25.60511875,16.83485794
GANNETT CAY REEF,Back,-21.98031421,152.4728256,0.194494929,0.625454545,25.60694408,16.83485794
GANNETT CAY REEF,Flank2,-21.98524635,152.4722403,0.188761603,0.985,25.61048889,16.83485794
GILBEY REEF,Flank2,-17.58795118,146.5734347,0.297855921,0.752,26.97813988,22.4870472
GILBEY REEF,Front,-17.58583641,146.5884039,0.587663397,1,26.96669102,22.4870472
GILBEY REEF,Flank1,-17.57017128,146.5872517,0.564524502,0.9985,26.94707012,22.4870472
GILBEY REEF,Back,-17.57723881,146.5824456,0.262101151,0.588648649,26.95299816,22.4870472
GREEN ISLAND REEF,Flank2,-16.76754435,145.972934,0.300260365,0.77,26.81721306,19.00940895
GREEN ISLAND REEF,Back,-16.75311493,145.9681215,0.250369623,0.399411765,26.8173027,19.00940895
GREEN ISLAND REEF,Front,-16.77054911,145.9913538,0.460570395,0.889746835,27.0718441,19.00940895
GREEN ISLAND REEF,Flank1,-16.75657934,145.985632,0.297740459,0.35775,27.0718441,19.00940895
GRUB REEF(18077),Flank1,-18.62137059,147.4340272,0.239049569,0.753,26.62713051,20.96000862
GRUB REEF(18077),Back,-18.63485021,147.4224559,0.236964166,0.417352941,26.65083218,20.96000862
GRUB REEF(18077),Flank2,-18.646451,147.4242008,0.314768016,1,26.7161274,20.96000862
GRUB REEF(18077),Front,-18.63050757,147.4380864,0.611582547,0.998695652,26.65373135,20.96000862
HARDY REEF,Back,-19.74101173,149.1860641,0.14768821,0.816984127,26.30144691,20.63848114
HARDY REEF,Front,-19.7802319,149.27142,0.554290801,0.990508475,26.47184372,20.63848114
HARDY REEF,Flank1,-19.73555688,149.2260676,0.397701144,0.928850575,26.7959671,20.63848114
HARDY REEF,Flank2,-19.77690989,149.2308203,0.217825864,0.796181818,26.3090601,20.63848114
HARRIER REEF,Front,-15.13831906,145.6931442,0.413168408,1,26.93409634,18.71231651
HARRIER REEF,Flank1,-15.13337421,145.697692,0.316401102,0.886923077,26.93409634,18.71231651
HARRIER REEF,Back,-15.13426356,145.6918792,0.218699034,0.876,26.93409634,18.71231651
HARRIER REEF,Flank2,-15.13853598,145.6876997,0.24469896,0.834,26.93166447,18.71231651
HASTINGS REEF,Back,-16.51693227,146.0098491,0.262506649,0.348723404,26.95936775,22.85497475
HASTINGS REEF,Flank2,-16.53065535,145.9945753,0.349532172,0.941034483,26.97969055,22.85497475
HASTINGS REEF,Front,-16.51624195,146.0205564,0.522189319,0.981376147,26.90830231,22.85497475
HASTINGS REEF,Flank1,-16.50019301,146.0159498,0.411004648,0.802105263,26.98202896,22.85497475
HAVANNAH REEF,Flank1,-18.83600211,146.5448906,0.459170669,NA,27.0718441,14.76190567
HAVANNAH REEF,Back,-18.8334354,146.5325162,0.234190997,NA,27.15790462,14.76190567
HAVANNAH REEF,Front,-18.84672797,146.5499922,0.512276411,NA,27.0718441,14.76190567
HAVANNAH REEF,Flank2,-18.84315347,146.5372551,0.252160892,NA,27.1437645,14.76190567
HAYMAN ISLAND REEF,Back,-20.06039112,148.8772091,0.139333002,NA,26.3339138,15.20605946
HAYMAN ISLAND REEF,Flank2,-20.06823939,148.8890514,0.036417935,NA,26.29915619,15.20605946
HAYMAN ISLAND REEF,Flank1,-20.05703317,148.900186,0.480849758,NA,26.33671665,15.20605946
HAYMAN ISLAND REEF,Front,-20.06792801,148.9001258,0.225209646,NA,26.29984951,15.20605946
HEDGE REEF,Flank1,-13.80117634,144.0085218,0.198508419,0.779672131,26.97753429,17.34556198
HEDLEY REEF,Flank2,-17.25422421,146.4595903,0.379341975,0.8,26.97162056,17.66650009
HEDLEY REEF,Flank1,-17.21807619,146.4752743,0.600098193,0.995,27.03033733,17.66650009
HEDLEY REEF,Front,-17.24141008,146.4734362,0.615326345,0.964404762,26.93997574,17.66650009
HEDLEY REEF,Back,-17.23709705,146.4705552,0.31114091,0.534719101,26.93208981,17.66650009
HELIX REEF,Front,-18.62131794,147.2987448,0.442183778,0.9975,26.88447475,21.9102726
HELIX REEF,Flank1,-18.62080724,147.2949102,0.343328729,1,26.44608974,21.9102726
HELIX REEF,Flank2,-18.62678839,147.298792,0.48038508,1,26.88447475,21.9102726
HELIX REEF,Back,-18.62556538,147.2947014,0.365028121,0.971428571,26.88447475,21.9102726
HELSDON REEF,Front,-14.95459836,145.5000762,0.368345022,0.93725,26.81579781,18.31357574
HELSDON REEF,Flank2,-14.9506171,145.4835436,0.168149505,0.463584906,26.76675224,18.31357574
HELSDON REEF,Flank1,-14.93815341,145.5004931,0.41667629,0.660344828,26.83644485,18.31357574
HELSDON REEF,Back,-14.93742539,145.4886612,0.154749535,0.416190476,26.75951481,18.31357574
HOLBOURNE ISLAND REEF,Back,-19.72868668,148.3555493,0.272378877,NA,26.4981575,19.87989616
HOLBOURNE ISLAND REEF,Front,-19.73043862,148.3650272,0.50339973,NA,26.4981575,19.87989616
HOLBOURNE ISLAND REEF,Flank1,-19.72512656,148.3599391,0.259948403,NA,26.4981575,19.87989616
HOLBOURNE ISLAND REEF,Flank2,-19.7331523,148.3641916,0.461053208,NA,26.5553484,19.87989616
HOPE REEF(19046),Back,-19.32141738,148.4305638,0.146702915,0.330714286,26.42010689,20.05134583
HOPE REEF(19046),Front,-19.32687828,148.44095,0.568436444,1,26.41371918,20.05134583
HOPE REEF(19046),Flank2,-19.33031427,148.4301381,0.164713427,0.75,26.42296124,20.05134583
HOPE REEF(19046),Flank1,-19.31530243,148.4386683,0.319635369,0.631428571,26.38904667,20.05134583
HORSESHOE,Flank2,-22.05122115,152.573169,0.27683232,0.777674419,25.52953625,16.10919952
HORSESHOE,Flank1,-22.02580676,152.6127487,0.42276907,0.895384615,25.56050491,16.10919952
HORSESHOE,Back,-22.03718281,152.600606,0.208748922,0.195093168,25.55438614,16.10919952
HORSESHOE,Front,-22.04690078,152.5971643,0.34901461,0.980784314,25.54366398,16.10919952
HOSKYN ISLANDS REEF,Flank2,-23.81138757,152.2845598,0.349619091,0.912631579,24.34712124,13.22718334
HOSKYN ISLANDS REEF,Back,-23.80198253,152.2900573,0.276969276,0.815714286,24.29155064,13.22718334
HOSKYN ISLANDS REEF,Front,-23.80924674,152.3000851,0.574693292,1,24.28862667,13.22718334
HOSKYN ISLANDS REEF,Flank1,-23.79848874,152.3035639,0.713403195,1,24.28546715,13.22718334
HYDE REEF,Back,-19.75349224,150.0758231,0.249311462,0.865,25.8786335,15.37129498
HYDE REEF,Flank1,-19.74234391,150.0875159,0.501472332,1,25.87032223,15.37129498
HYDE REEF,Flank2,-19.7691559,150.0852695,0.47667855,0.981071429,25.85605621,15.37129498
HYDE REEF,Front,-19.75726883,150.0987426,0.644909978,0.999444444,25.84143448,15.37129498
IRENE REEF,Flank2,-15.65679987,145.7191142,0.503351063,0.993703704,26.88046741,20.30509758
IRENE REEF,Flank1,-15.63575029,145.7226452,0.184797175,1,26.87665367,20.30509758
IRENE REEF,Front,-15.64359884,145.7297375,0.569752142,0.939756098,26.87895012,20.30509758
IRENE REEF,Back,-15.64759701,145.7200941,0.224255301,0.765416667,26.82803631,20.30509758
JACQUELINE REEF,Front,-19.21846805,148.9093276,0.56835568,1,26.28755856,20.00762749
JACQUELINE REEF,Flank2,-19.22577044,148.8962186,0.231745467,0.917727273,26.28109646,20.00762749
JACQUELINE REEF,Back,-19.21665393,148.905172,0.297584981,0.964631579,26.2776947,20.00762749
JACQUELINE REEF,Flank1,-19.19812234,148.9089426,0.487072915,0.997777778,26.29738998,20.00762749
JAGUAR REEF,Back,-18.97503919,148.4253298,0.253042933,0.7385,26.6857729,22.29999542
JAGUAR REEF,Front,-18.97672512,148.4324569,0.53571327,1,26.6857729,22.29999542
JAGUAR REEF,Flank2,-18.98161425,148.426493,0.233748011,0.747857143,26.80243778,22.29999542
JAGUAR REEF,Flank1,-18.96752821,148.4229856,0.352993637,1,26.76574326,22.29999542
JENKINS REEF,Back,-21.95416074,152.5928798,0.311129332,0.910909091,25.72421837,16.20916939
JENKINS REEF,Flank1,-21.94796221,152.6077725,0.43524918,0.9905,25.54924583,16.20916939
JENKINS REEF,Front,-21.95369992,152.6131976,0.579029158,1,25.53931427,16.20916939
JENKINS REEF,Flank2,-21.95980825,152.5967675,0.274729103,0.9784375,25.55929184,16.20916939
JOHN BREWER REEF,Back,-18.62053086,147.0494995,0.217309877,0.775308642,26.78564835,21.32984924
JOHN BREWER REEF,Front,-18.63948101,147.0643563,0.502772853,0.980617284,26.71969318,21.32984924
JOHN BREWER REEF,Flank2,-18.64046589,147.0333343,0.233952209,0.805555556,26.6522274,21.32984924
JOHN BREWER REEF,Flank1,-18.61765589,147.0783444,0.51928246,0.985333333,26.81320286,21.32984924
KANGAROO REEF (WEST),Front,-19.26109912,148.5560566,0.363960654,0.862857143,26.23641777,18.55727386
KANGAROO REEF (WEST),Flank2,-19.26576027,148.54459,0.255167529,0.784285714,26.23223019,18.55727386
KANGAROO REEF (WEST),Flank1,-19.25349046,148.5535961,0.226750761,0.496666667,26.2371254,18.55727386
KANGAROO REEF (WEST),Back,-19.2608992,148.5474831,0.163637366,0.205625,26.23641777,18.55727386
KAY REEF,Back,-12.21791941,143.2640661,0.059041861,NA,27.20039845,12.392272
KAY REEF,Flank2,-12.23646798,143.2801945,0.034822103,NA,NA,12.392272
KAY REEF,Front,-12.23736499,143.3047951,0.262819752,NA,27.34144402,12.392272
KAY REEF,Flank1,-12.22212715,143.2854612,0.173455887,NA,27.34737778,12.392272
KELSO REEF,Back,-18.43410478,146.9953436,0.205790646,0.341976744,26.64796925,20.51555252
KELSO REEF,Flank1,-18.4209,146.9898068,0.353047803,0.977741935,26.74171448,20.51555252
KELSO REEF,Front,-18.43237373,147.0026768,0.461964309,0.994186047,26.68715,20.51555252
KELSO REEF,Flank2,-18.44777312,146.9984888,0.21023792,0.899117647,26.74512005,20.51555252
KNIFE REEF,Flank1,-18.57231664,147.5778508,0.363389492,1,26.6848402,20.32853317
KNIFE REEF,Flank2,-18.5887394,147.5686039,0.335290104,0.959285714,26.65640545,20.32853317
KNIFE REEF,Front,-18.58304824,147.5790277,0.751461819,1,26.65396881,20.32853317
KNIFE REEF,Back,-18.58000857,147.5728945,0.242862586,0.828108108,26.67928219,20.32853317
LADY MUSGRAVE REEF,Flank1,-23.88876988,152.4261641,0.661286652,1,24.22328854,13.47853851
LADY MUSGRAVE REEF,Flank2,-23.91311718,152.3871053,0.369076669,0.821153846,24.24175072,13.47853851
LADY MUSGRAVE REEF,Front,-23.91244678,152.4164306,0.65353547,1,27.0718441,13.47853851
LADY MUSGRAVE REEF,Back,-23.89566002,152.4011108,0.27323924,0.812615385,24.19871521,13.47853851
LAGOON REEF,Front,-12.3909678,143.7785713,0.528370976,1,27.17028046,20.61562729
LAGOON REEF,Flank1,-12.37705259,143.7747986,0.255745754,0.989642857,27.17842293,20.61562729
LAGOON REEF,Flank2,-12.39716011,143.7564469,0.25108828,0.877894737,27.117486,20.61562729
LAGOON REEF,Back,-12.37941934,143.7566155,0.132379003,0.918793103,27.11738873,20.61562729
LANGFORD-BIRD REEF,Flank1,-20.08236326,148.8794243,0.099310368,NA,26.23314095,14.10413074
LANGFORD-BIRD REEF,Back,-20.08448716,148.8728289,0.148282178,NA,26.23314095,14.10413074
LANGFORD-BIRD REEF,Front,-20.09288995,148.8815394,0.182142992,NA,26.23071957,14.10413074
LANGFORD-BIRD REEF,Flank2,-20.09327918,148.8722559,0.217719831,NA,26.23071957,14.10413074
LENA REEF,Flank2,-15.66569926,145.8092762,0.531087235,1,26.98986816,21.67823601
LENA REEF,Back,-15.64864083,145.8087647,0.256285846,0.75893617,26.95259953,21.67823601
LENA REEF,Front,-15.64700639,145.8158344,0.647385165,1,26.94695663,21.67823601
LENA REEF,Flank1,-15.62929919,145.8137323,0.422964253,0.946666667,26.93802166,21.67823601
LINNET REEF,Flank2,-14.79497015,145.3409909,0.278937966,NA,27.00969696,15.24437714
LINNET REEF,Front,-14.79161309,145.3509936,0.386874549,NA,26.8263483,15.24437714
LINNET REEF,Flank1,-14.78049089,145.3482509,0.07723859,NA,27.0718441,15.24437714
LINNET REEF,Back,-14.78390475,145.3363872,0.172383964,NA,26.76308632,15.24437714
LITTLE KELSO REEF,Flank1,-18.46474911,147.0040176,0.358195536,0.9865,26.81606865,20.14215469
LITTLE KELSO REEF,Front,-18.47575078,146.9963931,0.21758315,0.9756,26.78812981,20.14215469
LITTLE KELSO REEF,Back,-18.46473533,146.9931513,0.229840823,0.255,26.80856991,20.14215469
LITTLE KELSO REEF,Flank2,-18.47434113,146.9869289,0.150274314,0.723684211,26.78812981,20.14215469
LIZARD ISLAND,Back,-14.67012069,145.4449432,0.101979876,0.530479042,26.87339497,NA
LIZARD ISLAND,Front,-14.69038721,145.4679973,0.32803607,0.949375,26.84929657,NA
LIZARD ISLAND,Flank2,-14.69638723,145.4456517,0.155921422,0.873170732,26.7617178,NA
LIZARD ISLAND,Flank1,-14.65718042,145.4679873,0.183278784,0.930350877,26.90920067,NA
LOG REEF (SOUTH),Flank2,-12.69949117,143.8364772,0.304713801,0.949245283,27.18713665,23.44456291
LOG REEF (SOUTH),Flank1,-12.6594564,143.8381472,0.189117994,0.82,27.15461445,23.44456291
LOG REEF (SOUTH),Back,-12.68105277,143.8431183,0.105995946,0.361428571,27.15954971,23.44456291
LOG REEF (SOUTH),Front,-12.67834868,143.8558521,0.474107102,0.985,27.2138319,23.44456291
LOW ISLANDS REEF,Front,-16.39345662,145.5686813,0.548156351,NA,26.84582615,12.49896049
LOW ISLANDS REEF,Flank1,-16.38481892,145.5709407,0.495904081,NA,26.80687714,12.49896049
LOW ISLANDS REEF,Flank2,-16.38784525,145.5582099,0.353280813,NA,26.85400677,12.49896049
LOW ISLANDS REEF,Back,-16.38228749,145.5635667,0.159448981,NA,26.79824924,12.49896049
MACGILLIVRAY REEF,Flank2,-14.65586933,145.4918579,0.244033158,1,26.81905842,21.63214684
MACGILLIVRAY REEF,Flank1,-14.65046711,145.4935705,NA,0.964,26.88184738,21.63214684
MACGILLIVRAY REEF,Back,-14.65049767,145.4886181,NA,0.787058824,26.81905842,21.63214684
MACGILLIVRAY REEF,Front,-14.65561487,145.4956522,0.317091674,0.985,26.88184738,21.63214684
MACKAY REEF,Flank1,-16.03939531,145.6536491,0.442900062,0.968,26.95243168,19.85865974
MACKAY REEF,Front,-16.04724938,145.6493476,0.363605447,0.885714286,26.9390173,19.85865974
MACKAY REEF,Back,-16.04313365,145.6467666,0.265867427,0.563809524,26.94159031,19.85865974
MACKAY REEF,Flank2,-16.04960571,145.641356,0.293716803,0.733636364,26.93472481,19.85865974
MACKAY REEFS,Flank1,-15.13966153,145.5941207,0.173796833,0.343333333,26.85795212,18.03475571
MACKAY REEFS,Flank2,-15.16112883,145.5690739,0.269852404,0.538888889,26.81444931,18.03475571
MACKAY REEFS,Front,-15.15872541,145.5860777,0.3473382,0.68475,26.82913494,18.03475571
MACKAY REEFS,Back,-15.14831046,145.5868449,0.177898943,0.292222222,26.83450222,18.03475571
MANTIS REEF,Flank1,-12.31321034,143.8745468,0.130791403,0.375116279,27.20726299,22.8725872
MANTIS REEF,Front,-12.34291739,143.8643614,0.25844945,0.948780488,27.21675301,22.8725872
MANTIS REEF,Back,-12.32496737,143.8597959,0.134576589,0.367358491,27.20184803,22.8725872
MANTIS REEF,Flank2,-12.32745908,143.8541177,0.147336915,0.8228,27.22874355,22.8725872
MARTIN REEF(14123),Flank1,-14.75355965,145.3510638,0.143432565,NA,NA,12.55595398
MARTIN REEF(14123),Flank2,-14.77860926,145.358902,0.350241654,NA,26.90599918,12.55595398
MARTIN REEF(14123),Back,-14.76318032,145.3404087,0.064079881,NA,26.88519478,12.55595398
MARTIN REEF(14123),Front,-14.76626936,145.3725758,0.360308141,NA,27.0718441,12.55595398
MARX REEF,Flank2,-15.20054489,145.6190265,0.216540415,0.990833333,26.93603325,17.3005085
MARX REEF,Back,-15.19624548,145.6128442,0.295376211,0.855882353,26.93603325,17.3005085
MARX REEF,Flank1,-15.19562926,145.6236729,0.39520213,0.600625,26.94781876,17.3005085
MARX REEF,Front,-15.19993695,145.6281393,0.321689993,1,26.94908524,17.3005085
MAST HEAD REEF,Back,-23.53319236,151.7316371,0.411310583,0.586444444,27.0718441,16.33994484
MAST HEAD REEF,Flank2,-23.54418734,151.725065,0.401904084,0.861481481,24.94635677,16.33994484
MAST HEAD REEF,Flank1,-23.53908998,151.761352,0.563496962,0.876470588,24.91715813,16.33994484
MAST HEAD REEF,Front,-23.54933818,151.7537089,0.465291113,1,25.96671104,16.33994484
MCCULLOCH,Flank1,-17.29200085,146.4657245,0.388049699,0.508571429,26.95162964,17.20965385
MCCULLOCH,Front,-17.29691609,146.46782,0.603446126,0.935913978,26.94685173,17.20965385
MCCULLOCH,Flank2,-17.29499175,146.4315865,0.434936859,0.672474227,26.91464806,17.20965385
MCCULLOCH,Back,-17.28736126,146.4371616,0.353364989,0.525645161,27.10614491,17.20965385
MCSWEENEY REEF,Front,-11.03023668,143.258543,0.32607878,0.842777778,27.3865881,20.94146919
MCSWEENEY REEF,Flank2,-11.02828334,143.2444312,0.240738746,0.681363636,27.38872051,20.94146919
MCSWEENEY REEF,Back,-11.01937531,143.2411667,0.153030757,0.612222222,27.3937664,20.94146919
MCSWEENEY REEF,Flank1,-11.02213706,143.2536231,0.238086239,0.47173913,27.39127064,20.94146919
MICHAELMAS REEF,Flank2,-16.61152046,145.9796339,0.202073313,0.883823529,26.92742538,16.72480583
MICHAELMAS REEF,Back,-16.58423546,146.0130042,0.255543642,0.116270492,26.9495163,16.72480583
MICHAELMAS REEF,Flank1,-16.55326302,146.053248,0.568503767,0.9690625,27.00889397,16.72480583
MICHAELMAS REEF,Front,-16.58746977,146.0330115,0.492912754,0.954558824,26.96738148,16.72480583
MIDDLE BANKS (2),Front,-11.76438365,143.6541788,0.428374156,0.9525,27.18056107,21.46768951
MIDDLE BANKS (2),Flank2,-11.76636766,143.6512452,0.067354895,0.98375,27.17325497,21.46768951
MIDDLE BANKS (2),Flank1,-11.76175285,143.6532785,0.188431405,1,27.17265511,21.46768951
MIDDLE BANKS (2),Back,-11.7630159,143.6501252,0.128614426,0.99,27.23614979,21.46768951
MIDDLE BANKS B (3),Flank1,-11.76843949,143.6591683,0.313718095,0.965,27.18056107,21.64707947
MIDDLE BANKS B (3),Front,-11.77130932,143.6603273,0.430484265,1,27.17981625,21.64707947
MIDDLE BANKS B (3),Flank2,-11.77452196,143.6571313,0.13114051,1,27.17981625,21.64707947
MIDDLE BANKS B (3),Back,-11.77157403,143.6546615,0.114843253,0.932142857,27.17981625,21.64707947
MONSOON REEF,Front,-11.13717153,143.266883,0.221752033,0.804375,27.38801384,19.59449196
MONSOON REEF,Flank2,-11.13475258,143.2570473,0.149803996,0.693846154,27.3959589,19.59449196
MONSOON REEF,Flank1,-11.128712,143.2637297,0.208234627,0.626857143,27.38801384,19.59449196
MONSOON REEF,Back,-11.12890355,143.2532776,0.124882989,0.710769231,27.39788342,19.59449196
MOORE REEF,Flank1,-16.84779361,146.2303534,0.303152904,0.920909091,27.10725784,18.66503716
MOORE REEF,Front,-16.87060774,146.2414882,0.465974823,0.929769231,27.0718441,18.66503716
MOORE REEF,Flank2,-16.88858518,146.2150446,0.259808458,0.672727273,26.99014664,18.66503716
MOORE REEF,Back,-16.8712485,146.2307155,0.315918565,0.219211823,27.08729267,18.66503716
MORNING REEF,Flank1,-15.95558289,145.6907274,0.23915739,0.948333333,26.97455215,20.49011993
MORNING REEF,Back,-15.95846,145.6856338,0.22413253,0.89125,26.95569801,20.49011993
MORNING REEF,Front,-15.9571358,145.6969955,0.510682672,1,26.97455215,20.49011993
MORNING REEF,Flank2,-15.96109903,145.6898213,0.33155854,0.998666667,26.95569801,20.49011993
MORRIS ISLAND REEF,Front,-13.49183998,143.746045,0.075731561,0.625813953,27.16415882,12.44143295
MORRIS ISLAND REEF,Back,-13.48407652,143.7276596,0.002518831,0.397368421,27.10335064,12.44143295
MORRIS ISLAND REEF,Flank1,-13.46880552,143.743888,0.025412288,0.504473684,27.06412792,12.44143295
MORRIS ISLAND REEF,Flank2,-13.50279309,143.7203744,0.02209316,0.583448276,27.10320187,12.44143295
MOSS REEF,Front,-17.94422287,146.8015016,0.75544554,1,26.95862389,24.09968758
MOSS REEF,Flank1,-17.92446155,146.7970439,0.618749991,1,27.00586796,24.09968758
MOSS REEF,Back,-17.94531251,146.7957297,0.335424989,0.886428571,26.94102097,24.09968758
MOSS REEF,Flank2,-17.96427717,146.7964698,0.579191089,0.997272727,26.94736004,24.09968758
MYRMIDON REEF,Flank2,-18.27680571,147.3886459,0.579104364,1,26.94792175,27.97668076
MYRMIDON REEF,Back,-18.27114593,147.3806543,0.262773976,0.574098361,26.91025162,27.97668076
MYRMIDON REEF,Flank1,-18.25636767,147.3856738,0.410804555,0.99030303,26.84014225,27.97668076
MYRMIDON REEF,Front,-18.26065232,147.3985092,0.624468774,1,26.95651436,27.97668076
NO NAME REEF,Back,-14.64462527,145.6465144,NA,0.255979381,26.82184696,22.61235619
NO NAME REEF,Front,-14.63653869,145.654233,NA,0.999268293,26.89805508,22.61235619
NO NAME REEF,Flank1,-14.63337439,145.6380737,NA,0.9225,26.85133648,22.61235619
NO NAME REEF,Flank2,-14.65645582,145.6500865,0.305773146,0.869354839,26.83563328,22.61235619
NORMAN REEF,Flank1,-16.41910706,146.0032809,0.691982299,1,27.00507641,23.21610451
NORMAN REEF,Front,-16.42891558,146.0034444,0.789578527,1,27.00972748,23.21610451
NORMAN REEF,Back,-16.42496855,145.9923109,0.29887332,0.922972973,26.9859724,23.21610451
NORMAN REEF,Flank2,-16.43590657,145.9942986,0.58848083,0.996363636,26.99462318,23.21610451
NORTH DIRECTION REEF,Back,-14.74381386,145.5061639,0.154642452,0.871111111,26.88402939,21.25627899
NORTH DIRECTION REEF,Front,-14.74723832,145.5160666,0.252190571,0.951111111,26.90440369,21.25627899
NORTH DIRECTION REEF,Flank2,-14.74856219,145.5110757,0.213911816,1,26.89055634,21.25627899
NORTH DIRECTION REEF,Flank1,-14.74196965,145.5105287,0.138864115,0.985294118,26.89343452,21.25627899
NORTH REEF (NORTH),Back,-23.18592839,151.8954427,0.412063628,0.783846154,24.72153759,13.03359127
NORTH REEF (NORTH),Front,-23.1827363,151.9157438,0.772912651,1,24.70053577,13.03359127
NORTH REEF (NORTH),Flank2,-23.19053328,151.9051395,0.493274778,1,24.71082306,13.03359127
NORTH REEF (NORTH),Flank1,-23.17919931,151.9003406,0.380383201,0.819,24.71642494,13.03359127
ONE TREE REEF,Back,-23.49914125,152.0423001,0.296892092,0.73516129,24.46265507,13.38437843
ONE TREE REEF,Flank2,-23.51020826,152.0694057,0.510786951,0.996875,24.44218636,13.38437843
ONE TREE REEF,Front,-23.49420049,152.0940136,0.67309764,0.998571429,NA,13.38437843
ONE TREE REEF,Flank1,-23.48572908,152.0670533,0.395254023,0.851636364,24.36082077,13.38437843
OPAL (2),Front,-16.22789253,145.9026798,0.719223082,0.9992,27.00907135,19.23717308
OPAL (2),Back,-16.22290736,145.8899604,0.235952731,0.342839506,26.96562099,19.23717308
OPAL (2),Flank2,-16.24170212,145.8748558,0.411484897,0.720232558,26.95687485,19.23717308
OPAL (2),Flank1,-16.2039103,145.9039923,0.525706112,0.905652174,26.98925591,19.23717308
OSBORNE REEF,Back,-13.03493963,143.6237843,0.136863202,0.614210526,27.10801697,14.35374546
OSBORNE REEF,Flank2,-13.04715532,143.617136,0.046056298,0.621071429,27.13255596,14.35374546
OSBORNE REEF,Front,-13.04705479,143.6316436,0.165709034,0.7858,27.10878563,14.35374546
OSBORNE REEF,Flank1,-13.03232877,143.6372184,0.136396855,0.650625,27.13340282,14.35374546
PEARSON REEF,Flank1,-11.56239429,143.7238883,0.350348487,0.983888889,27.18189144,20.35931969
PEARSON REEF,Back,-11.5636473,143.7101706,0.177639309,0.902758621,27.16169548,20.35931969
PEARSON REEF,Front,-11.57051174,143.7247245,0.486233979,0.996842105,27.18189144,20.35931969
PEARSON REEF,Flank2,-11.57199541,143.7099614,0.231191531,0.9965,27.16169548,20.35931969
PEART REEF,Flank2,-17.49615847,146.3975397,0.285149157,0.379375,26.87852097,17.22692871
PEART REEF,Front,-17.49110091,146.408555,0.466407523,0.862285714,26.89809895,17.22692871
PEART REEF,Flank1,-17.46758685,146.4034595,0.583443612,0.938461538,26.96011543,17.22692871
PEART REEF,Back,-17.48103448,146.4017141,0.340880468,0.107777778,27.01717377,17.22692871
PENRITH REEF,Flank2,-21.0284153,149.9077286,0.630024314,NA,25.93975258,13.82272148
PENRITH REEF,Flank1,-21.00251213,149.8949808,0.377913594,NA,25.95348454,13.82272148
PENRITH REEF,Front,-21.01346582,149.9113184,0.560645759,NA,25.9211216,13.82272148
PENRITH REEF,Back,-21.01847215,149.8899653,0.433205843,NA,27.0718441,13.82272148
PICKERSGILL REEF,Front,-15.87758797,145.6021168,0.433601782,0.963181818,26.99507141,17.12673569
PICKERSGILL REEF,Flank1,-15.86187836,145.5802572,0.473309532,0.858888889,26.8799839,17.12673569
PICKERSGILL REEF,Flank2,-15.88800808,145.5890323,0.423975095,0.863934426,26.91529846,17.12673569
PICKERSGILL REEF,Back,-15.87373087,145.5626337,0.324305266,0.720873016,27.0718441,17.12673569
POMPEY REEF (NO 1),Flank2,-20.93877324,150.5375666,0.244009636,0.699583333,25.95809364,16.56685829
POMPEY REEF (NO 1),Front,-20.93679652,150.5560192,0.411854491,0.948717949,25.59917545,16.56685829
POMPEY REEF (NO 1),Flank1,-20.92331979,150.5605766,0.490218066,0.6,25.54051781,16.56685829
POMPEY REEF (NO 1),Back,-20.9271844,150.5458842,0.266865864,0.280909091,25.91656494,16.56685829
POMPEY REEF (NO 2),Flank2,-20.99099184,150.5155649,0.220468037,0.642,25.96904945,16.3758316
POMPEY REEF (NO 2),Front,-20.99452211,150.5312565,0.370598301,0.899354839,25.98269463,16.3758316
POMPEY REEF (NO 2),Flank1,-20.98032806,150.5402943,0.425484449,0.863,25.9852562,16.3758316
POMPEY REEF (NO 2),Back,-20.98046494,150.5255834,0.240852781,0.392888889,25.97196388,16.3758316
POTTER REEF (NO 1),Flank2,-17.71664885,146.5285344,NA,0.5495,26.86888409,17.33180809
POTTER REEF (NO 1),Flank1,-17.66505207,146.5607355,0.582310319,0.964444444,26.97979546,17.33180809
POTTER REEF (NO 1),Back,-17.69234949,146.5487911,NA,0.100794702,26.8737402,17.33180809
POTTER REEF (NO 1),Front,-17.69714135,146.5575459,NA,0.992962963,26.8737402,17.33180809
QUOIN REEF(12027),Flank1,-12.40215758,143.4883698,0.236393493,0.613333333,27.29823399,9.86598587
QUOIN REEF(12027),Front,-12.4046807,143.4898924,0.23815915,0.7025,27.30691624,9.86598587
QUOIN REEF(12027),Flank2,-12.40519485,143.4876177,0.125698259,0.582857143,27.30691624,9.86598587
QUOIN REEF(12027),Back,-12.40292516,143.4871354,0.114031356,0.7,27.29823399,9.86598587
RACHEL CARSON REEF,Front,-15.82630049,145.826595,0.93610926,1,26.9973278,24.87211609
RACHEL CARSON REEF,Flank2,-15.8407983,145.8213514,0.678931117,0.98125,26.96150589,24.87211609
RACHEL CARSON REEF,Flank1,-15.81218093,145.8187208,0.5936158,0.997142857,26.9963274,24.87211609
RACHEL CARSON REEF,Back,-15.82847801,145.8155206,0.353725344,0.922195122,26.93192863,24.87211609
REBE REEF,Flank1,-19.79272372,150.1526123,0.34848243,0.822941176,25.78831196,15.20030785
REBE REEF,Back,-19.80108502,150.1439024,0.263275295,0.664,25.79547405,15.20030785
REBE REEF,Front,-19.80325539,150.1598332,0.677389264,1,25.78588581,15.20030785
REBE REEF,Flank2,-19.81154669,150.1453351,0.366228148,0.941666667,25.8042717,15.20030785
RIB REEF,Flank1,-18.47514748,146.8759362,0.315850005,0.790571429,26.80309391,20.57598495
RIB REEF,Front,-18.48698602,146.8806916,0.455762774,1,26.77790737,20.57598495
RIB REEF,Back,-18.47965043,146.871284,0.358713314,0.399305556,26.80309391,20.57598495
RIB REEF,Flank2,-18.48822301,146.8690105,0.301403716,0.868275862,26.80319786,20.57598495
RIBBON NO 1 REEF,Flank1,-15.59575718,145.8032418,0.279745787,0.96,26.98326206,21.67823601
RIBBON NO 1 REEF,Flank2,-15.61741699,145.8052459,0.328017384,0.852307692,26.94309521,21.67823601
RIBBON NO 1 REEF,Front,-15.60632113,145.8098446,0.490121625,1,26.99325275,21.67823601
RIBBON NO 1 REEF,Back,-15.60611158,145.8010852,0.172391698,0.735384615,26.96069717,21.67823601
RIBBON NO 3 REEF,Flank1,-15.46681172,145.8063999,0.260193892,0.763333333,26.87643433,22.00553894
RIBBON NO 3 REEF,Front,-15.49011734,145.8130534,0.589560285,0.99979798,26.88380432,22.00553894
RIBBON NO 3 REEF,Back,-15.48854917,145.8048929,0.204251815,0.180864198,26.88380432,22.00553894
RIBBON NO 3 REEF,Flank2,-15.51138558,145.7976237,0.222781211,0.908125,26.9312458,22.00553894
RIBBON NO 6 REEF,Front,-15.27380263,145.7588926,0.774114057,0.999019608,26.88239861,21.39964867
RIBBON NO 6 REEF,Back,-15.2808175,145.7509965,0.150528327,0.378305085,26.88834858,21.39964867
RIBBON NO 6 REEF,Flank2,-15.29772338,145.7588158,0.527637243,0.988695652,26.9058876,21.39964867
RIBBON NO 6 REEF,Flank1,-15.258576,145.7476711,0.315771908,0.97625,26.92572212,21.39964867
RIBBON NO 9 REEF,Back,-14.98956876,145.7081976,0.153145745,0.054528302,26.84845638,23.06798363
RIBBON NO 9 REEF,Flank2,-15.01416655,145.6994868,0.17336645,0.57375,26.86240578,23.06798363
RIBBON NO 9 REEF,Flank1,-14.96497701,145.7028549,0.15838116,0.59,26.84620857,23.06798363
RIBBON NO 9 REEF,Front,-14.98881651,145.7139658,0.678263664,0.999478261,26.86683941,23.06798363
RODDA REEF,Flank2,-13.93010773,144.3613394,0.085550945,0.913571429,26.99507141,19.12721062
RODDA REEF,Flank1,-13.91360489,144.3547601,0.128156848,0.3725,26.89441776,19.12721062
RODDA REEF,Front,-13.91843136,144.367408,0.276616573,0.827317073,27.01573277,19.12721062
RODDA REEF,Back,-13.92392055,144.3455726,0.059328666,0.869705882,26.96085358,19.12721062
ROXBURGH REEF,Front,-18.43852719,147.0598786,0.638662785,0.992857143,26.67879391,20.51555252
ROXBURGH REEF,Flank1,-18.43148115,147.0596627,0.702288568,1,26.68410873,20.51555252
ROXBURGH REEF,Back,-18.43542185,147.0546621,0.227335848,0.71,26.67879391,20.51555252
ROXBURGH REEF,Flank2,-18.44401632,147.0550184,0.4627937,0.997,26.6857357,20.51555252
SAND BANK NO 1 REEF,Flank2,-14.19795975,144.8796938,0.087930432,0.847142857,26.69640064,20.38827133
SAND BANK NO 1 REEF,Back,-14.19190339,144.8936301,0.392461002,0.984848485,26.77411079,20.38827133
SAND BANK NO 1 REEF,Flank1,-14.19987862,144.9045781,0.189944424,0.811666667,26.70244408,20.38827133
SAND BANK NO 1 REEF,Front,-14.20709954,144.891351,0.1789538,0.458333333,26.70912075,20.38827133
SAND BANK NO 8 REEF,Back,-13.36451438,143.9537742,0.055390747,0.769375,27.01342773,20.4418087
SAND BANK NO 8 REEF,Flank1,-13.36179239,143.9634227,0.28108792,0.942142857,27.04691219,20.4418087
SAND BANK NO 8 REEF,Front,-13.36782884,143.97071,0.344009668,0.848823529,27.04691219,20.4418087
SAND BANK NO 8 REEF,Flank2,-13.37197135,143.9610116,0.15063931,0.828571429,27.01342773,20.4418087
SAVILLE-KENT REEF,Flank2,-18.87316833,147.8932163,0.192874715,0.87952381,26.58844662,20.2430954
SAVILLE-KENT REEF,Front,-18.85713583,147.9033584,0.492355391,0.995645161,26.69291496,20.2430954
SAVILLE-KENT REEF,Back,-18.85803557,147.898191,0.22417862,0.534189189,26.69291496,20.2430954
SAVILLE-KENT REEF,Flank1,-18.84216925,147.8936445,0.319837242,0.915384615,26.55364895,20.2430954
SAXON REEF,Front,-16.46409873,145.9923553,0.708162129,1,27.06007767,23.37110329
SAXON REEF,Back,-16.46436009,145.9814623,0.294924833,0.862777778,27.02917862,23.37110329
SAXON REEF,Flank1,-16.46015454,145.9909091,0.587222472,1,27.06059837,23.37110329
SAXON REEF,Flank2,-16.4679802,145.9845514,0.555558592,1,27.04077816,23.37110329
SCOTT REEF,Back,-17.06296149,146.1909565,0.311226331,0.464637681,26.88533688,18.60990906
SCOTT REEF,Flank1,-17.07008505,146.2050328,0.428375371,1,26.9898653,18.60990906
SCOTT REEF,Front,-17.09246981,146.1969779,0.414039865,0.999347826,NA,18.60990906
SCOTT REEF,Flank2,-17.07973743,146.1748072,0.320496917,0.631956522,26.82727146,18.60990906
SECOND SMALL REEF,Back,-12.5867975,143.7910708,0.086369641,0.990909091,27.13387966,22.2710495
SECOND SMALL REEF,Flank2,-12.58346083,143.7991715,0.215339631,0.824285714,27.13457394,22.2710495
SECOND SMALL REEF,Front,-12.57681868,143.7983003,0.240443945,0.957,27.15241909,22.2710495
SECOND SMALL REEF,Flank1,-12.58071883,143.791108,0.120367259,0.802142857,27.1318779,22.2710495
SHELL REEF,Flank1,-19.05259275,148.1826465,0.298184097,0.978461538,26.60940647,19.66867828
SHELL REEF,Front,-19.05436458,148.1916386,0.401993252,1,26.62198734,19.66867828
SHELL REEF,Back,-19.059927,148.1773777,0.141294077,0.910625,26.60353756,19.66867828
SHELL REEF,Flank2,-19.06179819,148.1839667,0.349614114,0.983888889,26.59377384,19.66867828
SHOWERS REEF,Front,-19.49570749,148.9084848,0.602029085,0.99475,26.1818924,18.92481804
SHOWERS REEF,Back,-19.48934521,148.8914233,0.146441367,0.407209302,26.18141079,18.92481804
SHOWERS REEF,Flank1,-19.47827867,148.9070134,0.366836555,0.744761905,26.50812149,18.92481804
SHOWERS REEF,Flank2,-19.50662705,148.8911549,0.361104444,0.97,26.19913769,18.92481804
SHRIMP REEF,Flank1,-18.94427372,148.0788835,0.257110581,0.938461538,26.58139324,19.4681263
SHRIMP REEF,Front,-18.94886118,148.0892267,0.574554875,1,26.57071304,19.4681263
SHRIMP REEF,Back,-18.9528816,148.0818909,0.165981792,0.64627907,26.51997375,19.4681263
SHRIMP REEF,Flank2,-18.96584392,148.0761864,0.354968667,0.97,26.60241032,19.4681263
SIR CHARLES HARDY ISLANDS (1),Flank1,-11.9002179,143.4664911,0.075185727,0.723125,27.25661564,20.47084618
SIR CHARLES HARDY ISLANDS (1),Flank2,-11.9063102,143.473712,0.174312375,0.993333333,27.2396698,20.47084618
SIR CHARLES HARDY ISLANDS (1),Back,-11.90680027,143.4665235,0.0809252,0.9325,27.23759079,20.47084618
SIR CHARLES HARDY ISLANDS (1),Front,-11.90032975,143.4745486,0.23714897,0.988888889,27.25542545,20.47084618
SIR CHARLES HARDY ISLANDS (2),Flank2,-11.9229032,143.4825377,0.106718497,1,27.24549198,14.95390797
SIR CHARLES HARDY ISLANDS (2),Back,-11.91997483,143.475411,0.055932893,0.988181818,27.24549198,14.95390797
SIR CHARLES HARDY ISLANDS (2),Flank1,-11.91361243,143.4786163,0.110400997,0.860769231,27.2396698,14.95390797
SIR CHARLES HARDY ISLANDS (2),Front,-11.91768355,143.4857953,0.21782957,0.997692308,27.2478447,14.95390797
SLATE REEF,Back,-19.67395652,149.9267698,0.421996891,0.983333333,26.26883221,15.83455181
SLATE REEF,Flank1,-19.66385234,149.9174347,0.329696238,0.982666667,25.90047741,15.83455181
SLATE REEF,Front,-19.66560188,149.9292079,0.570610523,0.997857143,25.87007332,15.83455181
SLATE REEF,Flank2,-19.67769722,149.9334965,0.541856319,0.996666667,26.26890755,15.83455181
SMALL LAGOON REEF,Flank2,-21.87980517,152.5161352,0.246459037,0.82,25.6169138,16.41741562
SMALL LAGOON REEF,Front,-21.87437698,152.5223172,0.543748617,0.973636364,25.62070656,16.41741562
SMALL LAGOON REEF,Back,-21.8746401,152.512475,0.159956664,0.416590909,24.98659801,16.41741562
SMALL LAGOON REEF,Flank1,-21.86758508,152.5144041,0.29859069,0.677317073,25.6239748,16.41741562
SNAKE (22088),Front,-22.03480772,152.1475531,0.816680819,1,25.51129055,15.94501781
SNAKE (22088),Back,-22.02791774,152.1592892,0.270176098,0.248,25.50555992,15.94501781
SNAKE (22088),Flank1,-22.02860082,152.1900256,0.651704356,1,25.51959133,15.94501781
SNAKE (22088),Flank2,-22.02779154,152.110363,0.538237169,0.670869565,25.56873131,15.94501781
SOUTH DIRECTION REEF (NORTH),Back,-14.81656534,145.5233161,0.190411039,0.38625,26.88349628,20.03765678
SOUTH DIRECTION REEF (NORTH),Flank1,-14.81671118,145.5265609,0.184323784,0.883571429,26.90713024,20.03765678
SOUTH DIRECTION REEF (NORTH),Front,-14.83076235,145.5250307,0.297343269,0.991666667,26.89410496,20.03765678
SOUTH DIRECTION REEF (NORTH),Flank2,-14.82610047,145.5202096,0.076761628,0.4975,26.89410496,20.03765678
ST CRISPIN REEF,Back,-16.10174091,145.8449385,0.268602178,0.222694805,26.87089348,21.42135239
ST CRISPIN REEF,Flank2,-16.12535585,145.8443546,0.693295956,0.944057971,26.86656189,21.42135239
ST CRISPIN REEF,Front,-16.10597702,145.8603205,0.695788205,0.985701754,27.0718441,21.42135239
ST CRISPIN REEF,Flank1,-16.08115726,145.8577882,0.61057888,0.994590164,26.9523325,21.42135239
STARTLE (EAST),Back,-15.20832527,145.5852256,0.223701134,0.28969697,26.81575584,17.3005085
STARTLE (EAST),Front,-15.21570301,145.5952048,0.336671978,0.979411765,26.85993099,17.3005085
STARTLE (EAST),Flank1,-15.20850044,145.5958012,0.158115614,0.891111111,26.85993099,17.3005085
STARTLE (EAST),Flank2,-15.21304229,145.5809591,0.167650133,0.670967742,26.81575584,17.3005085
SWINGER REEF,Flank2,-15.24687876,145.5316877,0.165183466,0.7125,26.81295395,16.84604454
SWINGER REEF,Front,-15.24657113,145.5386905,0.211546279,0.763076923,26.82988739,16.84604454
SWINGER REEF,Flank1,-15.2413735,145.5378258,0.335788876,0.726,26.82988739,16.84604454
SWINGER REEF,Back,-15.24178781,145.5312224,0.148829527,0.443333333,26.81295395,16.84604454
TAYLOR REEF,Flank2,-17.84342843,146.5538346,NA,0.691428571,26.82672596,17.35222435
TAYLOR REEF,Back,-17.82801025,146.5642745,NA,0.198595041,26.92756462,17.35222435
TAYLOR REEF,Flank1,-17.81238463,146.5659037,NA,0.586153846,26.90889931,17.35222435
TAYLOR REEF,Front,-17.82637352,146.5717278,NA,0.996125,26.92756462,17.35222435
TERN REEF(20309),Flank1,-20.90861679,150.0403078,0.520181775,0.977142857,26.35167789,17.24075699
TERN REEF(20309),Flank2,-20.90979347,150.0265702,0.252382964,0.515151515,25.98105049,17.24075699
TERN REEF(20309),Back,-20.90067844,150.0320179,0.411087424,0.768823529,26.04331017,17.24075699
TERN REEF(20309),Front,-20.91838335,150.0346821,0.334935054,0.927916667,26.02566528,17.24075699
THETFORD REEF,Front,-16.81399855,146.1896494,0.533048689,0.912941176,27.0508852,20.641819
THETFORD REEF,Back,-16.80222748,146.1883626,0.301639736,0.55578125,26.9735899,20.641819
THETFORD REEF,Flank2,-16.81121091,146.178017,0.234581962,0.718666667,26.98708344,20.641819
THETFORD REEF,Flank1,-16.80200432,146.1992897,0.663503349,0.9924,27.06390476,20.641819
TURNER REEF,Back,-21.71246742,152.5459908,0.345276177,0.893170732,25.68274117,16.69441414
TURNER REEF,Front,-21.72510359,152.5699256,0.921487316,0.999333333,25.68405437,16.69441414
TURNER REEF,Flank1,-21.7059637,152.5672451,0.78904745,0.996875,25.66249943,16.69441414
TURNER REEF,Flank2,-21.72829846,152.5497746,0.277077295,0.916595745,25.69389057,16.69441414
TYDEMAN REEF,Back,-13.98293239,144.5011744,0.126530914,0.776,26.940938,21.5045929
TYDEMAN REEF,Flank1,-13.97046045,144.5203701,0.260371216,0.888181818,26.96238804,21.5045929
TYDEMAN REEF,Flank2,-13.99207415,144.5237438,0.239097297,0.805,26.8110218,21.5045929
TYDEMAN REEF,Front,-13.97836016,144.5415936,0.233282581,0.976315789,26.85281658,21.5045929
VIPER REEF,Back,-18.87264814,148.14665,0.192181297,0.568333333,26.67489624,21.21095848
VIPER REEF,Flank1,-18.86813522,148.1514642,0.486013636,0.954666667,26.67489624,21.21095848
VIPER REEF,Flank2,-18.87757562,148.1452665,0.295274653,0.961666667,26.67568684,21.21095848
VIPER REEF,Front,-18.87618243,148.1543628,0.51664938,1,26.67489624,21.21095848
VLASOFF REEF,Back,-16.64671033,145.9983287,0.263602465,0.064074074,27.0120573,18.32446861
VLASOFF REEF,Flank1,-16.63995929,146.0074854,0.437993459,0.8075,27.04454899,18.32446861
VLASOFF REEF,Flank2,-16.65700769,145.9892563,0.412078008,0.025,26.92633057,18.32446861
VLASOFF REEF,Front,-16.6535703,146.0030317,0.252345324,0.584883721,27.0120573,18.32446861
WADE REEF,Back,-21.98397999,152.6398268,0.263965301,0.897777778,25.578475,15.79623604
WADE REEF,Flank1,-21.98144287,152.6518171,0.515604794,0.991818182,25.56524086,15.79623604
WADE REEF,Flank2,-21.98935127,152.644374,0.360767946,0.861176471,25.58273792,15.79623604
WADE REEF,Front,-21.98774485,152.656323,0.594486192,1,25.56455803,15.79623604
WANSFELL REEF,Back,-19.49941049,149.1150869,0.127190467,0.874,26.17096329,19.27715874
WANSFELL REEF,Flank1,-19.48131768,149.1161176,0.357711822,0.947,26.34608459,19.27715874
WANSFELL REEF,Flank2,-19.52124609,149.1247807,0.275174193,0.9675,26.16476822,19.27715874
WANSFELL REEF,Front,-19.49819305,149.1233738,0.350379542,0.657142857,26.15538025,19.27715874
WARDLE REEF,Back,-17.44328874,146.5472525,0.360119566,0.786276596,26.95742035,20.25926971
WARDLE REEF,Flank1,-17.44792759,146.5557693,0.74390161,1,27.01183414,20.25926971
WARDLE REEF,Flank2,-17.45382774,146.5228349,0.397994258,0.837083333,26.96946335,20.25926971
WARDLE REEF,Front,-17.45745707,146.5349751,0.426522985,0.994166667,26.96946335,20.25926971
WHEELER REEF,Back,-18.79641293,147.5228392,0.216604859,0.688823529,27.33808422,21.43477249
WHEELER REEF,Flank1,-18.79375369,147.5316485,0.379919216,0.947777778,27.33808422,21.43477249
WHEELER REEF,Flank2,-18.80364118,147.5265557,0.25969404,1,26.81669235,21.43477249
WHEELER REEF,Front,-18.80019742,147.5342565,0.575125784,0.986666667,26.81588459,21.43477249
WRECK ISLAND REEF,Back,-23.32346859,151.964981,0.373298526,0.772,24.76502037,13.27925396
WRECK ISLAND REEF,Flank1,-23.32651652,151.9812561,0.801009268,1,24.67540073,13.27925396
WRECK ISLAND REEF,Flank2,-23.33490967,151.9523401,0.421430469,0.714375,24.7903595,13.27925396
WRECK ISLAND REEF,Front,-23.33727686,151.9680552,0.630202204,1,24.74083042,13.27925396
YONGE REEF,Back,-14.60051154,145.6213442,NA,0.26920354,26.81759834,23.15904427
YONGE REEF,Flank1,-14.57480497,145.6132067,NA,0.931,26.82206154,23.15904427
YONGE REEF,Flank2,-14.62294664,145.6247002,NA,0.956666667,26.85181713,23.15904427
YONGE REEF,Front,-14.59629121,145.6305058,NA,0.999222222,26.85030746,23.15904427
