Reef,Zone,Latitude,Longitude,median_ubed90,per_suitable,PAR8_median,temp_median
(LITTLE) BROADHURST REEF,Back,-18.94884327,147.696216,0.194505066,0.45,NA,26.56632042
(LITTLE) BROADHURST REEF,Flank1,-18.95483564,147.7173389,0.139860615,0.87,NA,26.60451412
(LITTLE) BROADHURST REEF,Flank2,-18.96817218,147.6888323,0.235867068,0.36,NA,26.62964058
(LITTLE) BROADHURST REEF,Front,-18.97806238,147.7108007,0.139594361,0.71,NA,26.63960648
11049S,Back,-11.35828281,143.323843,0.182636458,0.784285714,0.398692966,27.3629179
11049S,Flank1,-11.35702019,143.3377523,0.242309615,0.517368421,0.185514972,27.36047173
11049S,Flank2,-11.3652708,143.3368884,0.223952383,0.742,12.32871342,27.35995197
11049S,Front,-11.36511992,143.3463322,0.276795901,0.938947368,13.60382843,27.35995197
11162S,Back,-11.601205,143.281131,0.075738329,0.415,10.48775864,27.28518677
11162S,Flank1,-11.5986105,143.2949374,0.158105318,0.472222222,5.241392612,27.2956543
11162S,Flank2,-11.60902898,143.2839875,0.093656696,0.811764706,5.559824467,27.27866364
11162S,Front,-11.60787217,143.2984675,0.146613613,0.578095238,6.098746777,27.28152084
12071S,Back,-12.491621,143.7659393,0.166786935,0.668125,13.51674414,27.10439587
12071S,Flank1,-12.48266032,143.7685075,0.215681117,0.830625,8.723956585,27.10307121
12071S,Flank2,-12.4934499,143.7763755,0.339266196,0.919444444,10.79576492,27.12140751
12071S,Front,-12.4829675,143.7767907,0.37480329,0.836666667,8.790216446,27.12444782
13040S,Back,-13.27566906,143.9416725,0.129588585,0.569428571,4.314916134,27.05694008
13040S,Flank1,-13.2612285,143.9455781,0.242555209,0.8435,10.10483837,27.08161736
13040S,Flank2,-13.2890361,143.9427668,0.051690472,0.831111111,10.56857204,27.06448174
13040S,Front,-13.27748509,143.9523647,0.442479551,0.993962264,13.47706509,27.06738377
13063S,Back,-13.42272193,143.8061757,0.071622763,0.666779661,9.943134308,27.05634308
13063S,Flank1,-13.40808663,143.82744,0.107742483,0.8225,13.99570179,27.07012272
13063S,Flank2,-13.43824517,143.8140367,0.088139728,0.6304,12.79006577,27.05780125
13063S,Front,-13.42796071,143.8341018,0.136665158,0.639285714,13.61663818,27.07353783
13093A,Flank1,-13.75154567,143.9950592,0.210289158,0.956956522,14.76890993,27.00395584
13121S,Back,-13.78212922,144.2632924,0.133434445,0.405238095,3.225317001,27.0753994
13121S,Flank1,-13.7662154,144.2622759,0.304558143,0.733333333,13.71664715,27.0833931
13121S,Flank2,-13.79001442,144.2762466,0.289729387,0.833125,9.645511627,27.07193565
13121S,Front,-13.77518086,144.2712123,0.368521869,0.929473684,14.98169851,27.08929253
13124S,Back,-13.86916229,144.0692399,0.021840182,0.330958904,4.096547127,27.02453804
13124S,Flank1,-13.85262928,144.0802128,0.149082515,0.637297297,9.691545963,26.8959322
13124S,Flank2,-13.88564953,144.082967,0.029512057,0.676944444,9.670337677,26.86949253
13124S,Front,-13.8685655,144.0930157,0.093447696,0.784166667,0.274173781,26.88269997
14056S,Back,-14.33524442,144.9555555,0.118644256,0.261136364,6.90094018,27.0718441
14056S,Flank1,-14.31630558,144.9574995,0.206721704,0.209166667,10.35238838,26.74758148
14056S,Flank2,-14.35136442,144.9593219,0.221439257,0.524,10.45984936,26.72596264
14056S,Front,-14.32974809,144.9655094,0.203471966,0.546346154,7.02087307,26.74626732
14075S,Back,-14.29297075,145.1713761,0.224359922,0.954814815,6.235183716,26.78630638
14075S,Front,-14.28135024,145.154116,0.361050673,0.981904762,12.27999401,26.85120583
15034S,Back,-15.31694938,145.7570102,0.246043101,0.905,11.53573036,26.88875961
15034S,Flank1,-15.30760512,145.7595384,0.215433821,0.93826087,11.33417034,26.88188553
15034S,Flank2,-15.31897586,145.7702983,0.579322278,1,13.8128252,26.94486904
15034S,Front,-15.30682528,145.7706223,0.595357835,1,11.60367107,26.90699863
15077S,Back,-15.55926841,145.6511689,0.221730009,0.895,13.28637505,26.93623924
15077S,Flank1,-15.55609241,145.6584548,0.247181982,0.678888889,12.19256687,26.93805408
15077S,Flank2,-15.56174905,145.6609754,0.259718075,0.925,12.19256687,26.94004726
15077S,Front,-15.5586073,145.6720245,0.36597576,0.983157895,13.42568254,26.93606663
16013A,Back,-16.01674401,145.7932041,0.495648772,0.97,15.44523859,26.93503761
16013A,Flank1,-16.01763575,145.7965772,0.416429251,0.993333333,15.44523859,26.94310379
16013A,Flank2,-16.01938136,145.7908973,0.331168436,0.991428571,17.47783375,26.94542885
16013A,Front,-16.02023761,145.7950456,0.497271568,1,15.44523859,26.93726254
16013B,Back,-16.01802377,145.8071535,0.407399476,0.854,16.00893593,26.92816257
16013B,Flank1,-16.01802511,145.810512,0.494332194,1,16.00893593,26.92816257
16013B,Flank2,-16.02047949,145.8064697,0.276040554,1,16.00893593,26.92816257
16013B,Front,-16.01990013,145.8099489,0.518430203,1,16.00893593,26.92816257
16013C,Back,-16.03389265,145.8064495,0.434991375,0.72,18.07797527,26.95892715
16013C,Flank1,-16.03346693,145.8080134,0.475693658,0.84,18.07797527,26.95892715
16013C,Flank2,-16.03497005,145.8075981,0.431109369,0.965,18.07797527,26.95892715
16013C,Front,-16.03470134,145.8088609,0.534112036,1,18.07797527,26.95892715
16017S,Back,-16.08040396,145.7202842,0.303470783,0.903333333,16.06224251,26.97753525
16017S,Flank1,-16.07679766,145.7266702,0.472696744,1,16.06224251,26.99465466
16017S,Flank2,-16.08318331,145.718609,0.300023831,0.576666667,16.39066315,26.97753525
16017S,Front,-16.07989253,145.7240019,0.240789428,0.996666667,16.06224251,26.97753525
19131S,Back,-19.75288192,149.3646489,0.238786303,0.538571429,8.829108238,26.30102158
19131S,Flank1,-19.76038505,149.3803468,0.388242312,0.920810811,12.50751114,26.30021858
19131S,Flank2,-19.75847221,149.3591371,0.383030519,0.978292683,8.829108238,26.30431652
19131S,Front,-19.77181618,149.3730644,0.440743834,1,12.78481483,26.31186008
19138S,Back,-19.79585013,149.4211564,0.223336682,0.763846154,5.125089169,26.26191139
19138S,Flank1,-19.79495442,149.429493,0.355721429,0.903684211,5.125089169,26.26409054
19138S,Flank2,-19.80657216,149.4192907,0.356763333,0.932777778,8.714459419,26.26900387
19138S,Front,-19.8064304,149.4287477,0.576568693,1,11.56761265,26.19225407
20104S,Back,-20.02637344,149.6862428,0.218858734,0.686818182,9.056845665,26.1970005
20104S,Flank1,-20.0318444,149.6943203,0.40616408,0.941176471,7.567460537,26.2116766
20104S,Flank2,-20.03533792,149.6825936,0.284548506,0.997142857,8.969350815,26.31818295
20104S,Front,-20.03947234,149.6877095,0.4164152,1,7.567460537,26.21642303
20348S,Back,-20.88143617,150.9470346,0.237666145,0.194246575,10.49014139,25.7118082
20348S,Flank1,-20.89033403,150.9616975,0.366595313,0.467307692,9.671341896,25.7111187
20348S,Flank2,-20.89542932,150.9379107,0.219941556,0.7228,8.119559288,25.72040272
20348S,Front,-20.90133176,150.9542408,0.320297495,0.986052632,8.438632011,25.73652267
20353S,Flank1,-20.96736508,150.9288492,0.345563561,0.9478125,13.58361053,25.75146008
20353S,Flank2,-20.96916033,150.9083213,0.28623879,0.922857143,11.62050724,25.75703621
20353S,Front,-20.97758518,150.9200175,0.290698729,0.941153846,12.00908566,25.75445557
20354S,Back,-20.97143252,150.94982,0.295143723,0.560740741,12.70571327,25.76432896
20354S,Flank1,-20.97104528,150.9554864,0.340606362,0.673571429,12.70571327,25.76432896
20354S,Flank2,-20.97559105,150.9491047,0.32516858,0.985555556,12.70571327,25.75715256
20354S,Front,-20.97770637,150.9548682,0.434145376,1,12.70571327,25.9839468
21060S,Back,-21.01041699,150.5890331,0.279536799,0.56,12.59697104,25.88201237
21060S,Flank1,-21.01110195,150.5964052,0.418025464,0.93375,12.65812969,25.87031841
21060S,Flank2,-21.01650006,150.5866264,0.292882189,0.481428571,9.957912445,25.88201237
21060S,Front,-21.01894162,150.5919837,0.397992127,0.909230769,9.957912445,25.88074684
21062S,Back,-21.02561974,150.856971,0.311239265,0.565714286,11.08898687,25.79333878
21062S,Flank1,-21.02940374,150.8749132,0.399366125,0.99,11.43955231,25.80809498
21062S,Flank2,-21.03597824,150.8555524,0.181097098,0.837857143,11.20774841,25.80073357
21062S,Front,-21.04202541,150.8680715,0.250501141,0.954,14.84665728,25.79272175
21064S,Back,-21.05240428,150.7776789,0.326506495,0.814545455,9.707221031,25.80618
21064S,Flank1,-21.05461,150.7849271,0.435729392,0.894166667,11.21314001,25.80396843
21064S,Flank2,-21.05968366,150.7708411,0.183148742,0.968333333,9.707221031,25.8101778
21064S,Front,-21.0632434,150.7782981,0.242446434,0.973478261,13.26169777,25.80618
21139S,Back,-21.46824524,151.4539195,0.252930194,0.951964286,7.628623486,25.67601204
21139S,Flank1,-21.45801809,151.4748146,0.315134145,0.928974359,10.7980814,25.66745949
21139S,Flank2,-21.48959451,151.4615602,0.259268314,0.948717949,10.05118847,25.67534542
21139S,Front,-21.47885137,151.4848828,0.33763729,0.999574468,5.440773487,25.66588688
21187S,Back,-21.41006387,151.6226919,0.184801757,0.71625,7.434839725,26.03137112
21187S,Flank1,-21.40717086,151.6416474,0.376824565,0.938571429,7.20719099,25.63951588
21187S,Flank2,-21.41950321,151.6088721,0.112076744,1,8.170866013,25.56461811
21187S,Front,-21.42303029,151.630717,0.29069896,0.999692308,4.456890821,25.66305161
21245S,Back,-21.30562656,152.4355485,0.201231591,0.585396825,9.05228138,25.74196434
21245S,Flank1,-21.29706542,152.4432078,0.388316214,0.908571429,11.02135944,25.66612244
21245S,Flank2,-21.31133018,152.4281544,0.195755512,0.642,9.05228138,25.67952442
21245S,Front,-21.30786646,152.4427597,0.370749816,0.995714286,10.29981899,25.64845085
21278S,Back,-21.10748212,152.5332972,0.209784798,0.277142857,8.408186913,25.85308266
21278S,Flank1,-21.10119548,152.5402369,0.29925821,0.938333333,11.3016367,25.87524033
21278S,Flank2,-21.10995102,152.5437831,0.522256315,0.92,7.713490248,25.88101578
21278S,Front,-21.10256275,152.5531281,0.56886062,0.99625,15.10996199,25.05724239
21296S,Back,-21.33658965,152.5508041,0.245105162,0.254318182,6.329000235,25.66056824
21296S,Flank1,-21.3308579,152.5683662,0.599403262,1,9.094883442,25.66010857
21296S,Flank2,-21.34800957,152.5384638,0.593553364,1,12.15565348,25.63844585
21296S,Front,-21.34184372,152.5553453,0.562817588,1,9.596080303,25.62863922
21302S,Back,-21.43222931,152.5787043,0.623915419,0.940333333,5.120846272,25.64191246
21302S,Flank1,-21.42583527,152.584382,0.8421911,1,13.10524845,25.64191246
21302S,Flank2,-21.43524306,152.5731682,0.626585394,1,5.120846272,25.64922714
21302S,Front,-21.43367926,152.5851242,0.952495039,1,9.409296036,25.62348652
21529S,Back,-21.86354713,152.1737223,0.279402271,0.148461538,9.678591728,25.60374069
21529S,Flank1,-21.86744947,152.1853333,0.628885031,1,9.958676338,25.60797977
21529S,Flank2,-21.87370312,152.1632974,0.247770332,0.810625,9.83165741,25.5914526
21529S,Front,-21.87558878,152.1742989,0.331450492,0.9905,12.48372126,25.61262131
21550S,Back,-21.94766325,152.3109597,0.205201801,0.411891892,11.34141922,25.57536125
21550S,Flank1,-21.95453242,152.3205596,0.2964461,0.7704,7.266334534,25.56800556
21550S,Flank2,-21.95592581,152.2976771,0.311751783,0.714444444,7.314306021,25.56289291
21550S,Front,-21.96244217,152.3070176,0.309603162,0.9856,9.493849754,25.56636715
21558S,Back,-21.55208114,152.5264313,0.349452853,0.726521739,12.78642845,25.59514236
21558S,Flank1,-21.54075269,152.5492891,0.460067324,0.942040816,11.71498013,25.60382366
21558S,Flank2,-21.55909241,152.5376287,0.616720766,0.973548387,7.418546677,25.58850765
21558S,Front,-21.55049852,152.5591814,0.957949281,0.999756098,3.221665382,25.60527515
21591S,Back,-21.0245993,150.3757494,0.259871639,0.767142857,12.75149107,25.80238056
21591S,Flank1,-21.02970669,150.3815096,0.320457272,0.975454545,12.75149107,25.95469379
21591S,Flank2,-21.02650186,150.3630596,0.353330329,0.85375,13.06167412,25.94093895
21591S,Front,-21.03327411,150.3705086,0.324031562,0.981666667,12.88044834,25.94395828
22084S,Back,-21.99810351,152.4639968,0.213612061,0.245789474,12.47551966,25.62260818
22084S,Flank1,-22.00022091,152.470548,0.266848385,0.945625,14.78022051,25.62388802
22084S,Flank2,-22.00140346,152.4559139,0.198233172,0.836666667,10.64449596,24.94598103
22084S,Front,-22.00342286,152.4619449,0.136054732,1,10.67490196,25.62388802
AGINCOURT REEFS (NO 1),Back,-16.05203928,145.8663324,0.269630179,0.406451613,14.36042643,26.98436546
AGINCOURT REEFS (NO 1),Flank1,-16.03970723,145.8656327,0.500918627,0.917,17.42525864,26.98457813
AGINCOURT REEFS (NO 1),Flank2,-16.06422288,145.8653701,0.581185371,0.945555556,16.99588299,27.03964424
AGINCOURT REEFS (NO 1),Front,-16.05278132,145.8709994,0.807907522,1,14.77681541,27.01454544
ANDERSEN REEF,Back,-15.78726242,145.8031711,0.403390512,0.962,13.39526844,26.94665337
ANDERSEN REEF,Flank1,-15.78166921,145.8144897,0.6920463,1,15.48689079,26.989645
ANDERSEN REEF,Flank2,-15.79472134,145.7996465,0.418214813,0.952083333,15.66106892,26.94210911
ANDERSEN REEF,Front,-15.79280143,145.8094605,0.668979645,1,16.00378609,26.96439171
ARLINGTON REEF,Back,-16.66039618,146.090835,0.279955342,0.182631579,6.81017971,26.87019157
ARLINGTON REEF,Flank1,-16.64246989,146.0936536,0.391931951,0.813142857,11.59695721,26.77336216
ARLINGTON REEF,Flank2,-16.67751943,146.1180162,0.635923445,0.997931034,12.59356785,27.09860706
ARLINGTON REEF,Front,-16.65328773,146.1125359,0.584572941,1,4.158718109,27.11745167
ASHMORE BANKS (1),Back,-11.88452195,143.6435694,0.166850321,0.865555556,16.24234009,27.19149685
ASHMORE BANKS (1),Flank1,-11.88657179,143.6483299,0.148897871,0.905,16.91038704,27.19496536
ASHMORE BANKS (1),Flank2,-11.88560224,143.6414179,0.161189213,0.961111111,16.35361862,27.19277763
ASHMORE BANKS (1),Front,-11.88787611,143.6466522,0.13795656,0.90375,16.91038704,27.19496536
ASHMORE BANKS (2),Back,-11.8894957,143.6765262,0.117044883,0.975833333,15.07113361,27.19509315
ASHMORE BANKS (2),Flank1,-11.88621353,143.6772443,0.161249168,0.895833333,14.99381113,27.19509315
ASHMORE BANKS (2),Flank2,-11.89201242,143.6816978,0.12266919,1,14.99381113,27.19096851
ASHMORE BANKS (2),Front,-11.88972185,143.6838201,0.201697599,0.988,14.99381113,27.19509315
ASHMORE BANKS (3),Back,-11.92381794,143.6902931,0.18771885,0.954,14.81662941,27.19225788
ASHMORE BANKS (3),Flank1,-11.92415725,143.6942423,0.459504589,0.94,14.81662941,27.19225788
ASHMORE BANKS (3),Flank2,-11.9272147,143.6893901,0.128601592,0.95125,16.37750816,27.19063377
ASHMORE BANKS (3),Front,-11.92709682,143.6945763,0.141544566,0.993,16.37750816,27.19063377
BEAVER REEF,Back,-17.84004573,146.4869598,NA,0.265384615,10.55407715,26.72126961
BEAVER REEF,Flank1,-17.8370654,146.4960741,NA,0.38,8.46901226,26.93352509
BEAVER REEF,Flank2,-17.84452497,146.4930793,NA,0.387333333,8.512440681,26.88702106
BEAVER REEF,Front,-17.83983681,146.5029966,NA,0.826071429,2.606056929,26.93995857
BEN REEF,Back,-20.00932692,150.3174421,0.371396035,0.504,11.51124477,25.91099834
BEN REEF,Flank1,-20.00467039,150.3178766,0.450885803,0.591666667,11.51124477,25.91036987
BEN REEF,Flank2,-20.00962643,150.321578,0.668312311,0.993,11.51124477,25.91036987
BEN REEF,Front,-20.00404532,150.3201465,0.744243577,0.997142857,11.51124477,25.91036987
BLANCHARD REEF,Back,-13.41347127,143.7385342,0.031614842,0.508152174,9.277575493,NA
BLANCHARD REEF,Flank1,-13.3887797,143.7689025,0.117576189,0.583488372,7.727843523,27.08736897
BLANCHARD REEF,Flank2,-13.44171445,143.7425849,0.075320993,0.61625,1.33217895,27.069561
BLANCHARD REEF,Front,-13.42026344,143.770541,0.115486652,0.864756098,0.017421458,27.19676781
BORDER ISLAND REEF (NO 1),Back,-20.15527065,149.0307811,0.169489536,NA,12.75302887,26.47082424
BORDER ISLAND REEF (NO 1),Flank1,-20.15514961,149.0424594,0.419869892,NA,13.26334953,NA
BORDER ISLAND REEF (NO 1),Flank2,-20.17097261,149.0297914,0.216274142,NA,10.75319862,25.96057224
BORDER ISLAND REEF (NO 1),Front,-20.1712249,149.0400599,0.493380234,NA,14.79457188,26.813797
BOULDER REEF,Back,-15.41069181,145.4185213,0.069908991,NA,6.621955872,26.75580788
BOULDER REEF,Flank1,-15.39740038,145.4356771,0.220247108,NA,4.00449276,26.77012539
BOULDER REEF,Flank2,-15.43147504,145.4237059,0.217303034,NA,3.821639895,26.80055714
BOULDER REEF,Front,-15.41957107,145.4441811,0.289350361,NA,0.032874446,27.00907135
BOULT REEF,Back,-23.75520717,152.2654055,0.316523701,0.570526316,3.595249653,24.29861641
BOULT REEF,Flank1,-23.74745479,152.2822651,0.651884586,1,8.846515656,24.26647949
BOULT REEF,Flank2,-23.76787397,152.2600301,0.418042034,0.9745,7.402936935,24.31371498
BOULT REEF,Front,-23.76281568,152.2808628,0.680320203,1,4.705373287,24.26670265
BOWDEN REEF,Back,-19.03398906,147.9340781,0.236906659,0.467368421,12.61298847,26.51452351
BOWDEN REEF,Flank1,-19.01410047,147.9285674,0.246657252,0.9553125,13.36474514,26.62747955
BOWDEN REEF,Flank2,-19.05374813,147.9290233,0.215705387,0.970344828,14.97519302,26.64041328
BOWDEN REEF,Front,-19.0344793,147.9408478,0.401775077,0.999038462,14.56919575,26.59644413
Bramble Reef,Back,NA,NA,NA,NA,9.439992428,NA
Bramble Reef,Flank1,NA,NA,NA,NA,17.17118549,NA
Bramble Reef,Flank2,NA,NA,NA,NA,12.55769539,NA
Bramble Reef,Front,NA,NA,NA,NA,15.00397015,NA
BRAMBLE REEF,Back,-18.42396845,146.7213022,0.203818142,0.37,NA,26.81692028
BRAMBLE REEF,Flank1,-18.3985156,146.729736,0.167984441,0.58,NA,26.88733768
BRAMBLE REEF,Flank2,-18.44163081,146.7065556,0.377385601,0.52,NA,26.45536613
BRAMBLE REEF,Front,-18.42508693,146.7474178,0.284931928,0.48,NA,26.89602566
BROOMFIELD REEF,Back,-23.25386066,151.9353495,0.480056509,0.662432432,4.617690325,24.7853775
BROOMFIELD REEF,Flank1,-23.25402664,151.9452433,0.7246297,0.999375,5.281053066,24.7776432
BROOMFIELD REEF,Flank2,-23.27310416,151.9313204,0.36141701,0.459649123,2.92394042,27.0718441
BROOMFIELD REEF,Front,-23.27424229,151.951652,0.819343418,1,0.095931433,NA
CANNAN REEF,Back,-20.48193464,150.1481566,0.210820079,0.266363636,10.55305052,26.16007233
CANNAN REEF,Flank1,-20.47656527,150.1546322,0.207328543,0.78,12.08641005,26.13483047
CANNAN REEF,Flank2,-20.4851994,150.1513639,0.252801463,0.82,10.55305052,26.13958454
CANNAN REEF,Front,-20.48098422,150.1585891,0.476265833,0.684285714,11.85967922,26.13483047
CARTER REEF,Back,-14.55313748,145.5929132,NA,0.348205128,10.64357758,26.79947376
CARTER REEF,Flank1,-14.52723739,145.570459,NA,0.918333333,10.2250061,26.89105225
CARTER REEF,Flank2,-14.56893613,145.6043756,NA,0.997575758,11.4981842,26.80185127
CARTER REEF,Front,-14.53978867,145.5949825,NA,0.999390244,17.12145233,26.91751289
CELEBRATION REEF,Back,-13.26966446,143.6824903,0.058356655,0.356153846,10.49091387,27.09707642
CELEBRATION REEF,Flank1,-13.26939496,143.7024804,0.111660503,0.803043478,11.17911816,27.13475132
CELEBRATION REEF,Flank2,-13.28739359,143.6874624,0.04390227,0.643913043,11.01572895,27.11008072
CELEBRATION REEF,Front,-13.28549223,143.7036596,0.079651173,0.969705882,9.317013741,27.10223484
CENTIPEDE REEF,Back,-18.73926564,147.5232254,0.192479655,0.398421053,9.911894798,26.6490469
CENTIPEDE REEF,Flank1,-18.73223867,147.542733,0.455140077,0.790526316,11.81007957,26.65488625
CENTIPEDE REEF,Flank2,-18.74506114,147.5152851,0.21033968,0.774545455,14.87821198,26.70610142
CENTIPEDE REEF,Front,-18.7468417,147.5369833,0.340385839,0.999272727,11.66799784,26.69270706
CHARITY REEF,Back,-19.35928066,148.3350217,0.210375778,0.61862069,11.1642704,26.47429943
CHARITY REEF,Flank1,-19.36529116,148.3474367,0.67021969,1,12.67754841,26.52540684
CHARITY REEF,Flank2,-19.37093148,148.3313022,0.133392785,0.698333333,12.40329933,26.48610687
CHARITY REEF,Front,-19.37685988,148.342324,0.40118403,0.999545455,13.64929247,26.25448036
CHICKEN REEF,Back,-18.66261817,147.709446,0.229383558,0.579893617,12.28711367,26.92876816
CHICKEN REEF,Flank1,-18.65248013,147.7137788,0.379193425,0.988709677,13.98477364,26.67342472
CHICKEN REEF,Flank2,-18.6701727,147.7109931,0.497408241,0.993333333,14.61258936,26.66318703
CHICKEN REEF,Front,-18.66006808,147.7230206,0.763135821,1,12.74371624,26.63183975
CHINAMAN REEF(16024),Back,-16.2104331,145.7917537,0.362409629,0.363103448,8.59503746,26.97956848
CHINAMAN REEF(16024),Flank1,-16.20501561,145.8020957,0.401404411,0.966,11.45751572,27.00447845
CHINAMAN REEF(16024),Flank2,-16.21781647,145.7847352,0.351562247,0.942,9.214855194,26.9299612
CHINAMAN REEF(16024),Front,-16.21496995,145.8027784,0.455353446,0.969772727,10.91217613,26.93919754
CHINAMAN REEF(22102),Back,-22.00038797,152.6576779,0.341361403,0.845588235,7.497105837,25.56421566
CHINAMAN REEF(22102),Flank1,-22.00300476,152.6671385,0.708595991,1,10.40188313,25.5476408
CHINAMAN REEF(22102),Flank2,-22.0110932,152.6471178,0.356690146,0.798181818,11.07211733,25.57096672
CHINAMAN REEF(22102),Front,-22.01244986,152.6568244,0.608877003,1,11.28981972,25.56100655
CLACK REEF,Back,-14.06339735,144.2316434,0.202870883,NA,0.003824454,26.8968792
CLACK REEF,Flank1,-14.04936359,144.2644709,0.382482067,NA,12.52188301,26.83302307
CLACK REEF,Flank2,-14.08014966,144.2331557,0.248455606,NA,0.032110609,26.91501141
CLACK REEF,Front,-14.06547415,144.2639456,0.345127776,NA,6.542965412,26.85664654
CORBETT REEF,Back,-13.92803592,144.2377258,0.252791733,0.61,0.071576837,26.93681145
CREAL REEF,Back,-20.52874551,150.3788615,0.213613063,0.854666667,11.31633091,25.93762016
CREAL REEF,Flank1,-20.53257138,150.3876261,0.480481461,0.96125,12.58370352,25.93826199
CREAL REEF,Flank2,-20.53578233,150.3762788,0.189393528,0.681428571,10.16109562,25.93645668
CREAL REEF,Front,-20.53837504,150.3840744,0.410775386,0.84,10.16109562,25.93645668
CREDLIN REEFS (EAST),Back,-20.53649154,149.9376665,0.095486822,0.286382979,8.549621582,26.15305805
CREDLIN REEFS (EAST),Flank1,-20.52246826,149.9513205,0.168318875,0.392941176,8.668273926,26.14763737
CREDLIN REEFS (EAST),Flank2,-20.55568843,149.9426958,0.328100219,0.864,4.850563288,26.14099312
CREDLIN REEFS (EAST),Front,-20.54628654,149.9611582,0.52056542,0.983823529,4.402281761,26.18105793
CREECH REEF (NORTH),Back,-13.62004676,144.0957668,0.093062833,0.763461538,4.883066654,26.98255444
CREECH REEF (NORTH),Flank1,-13.61455792,144.1068609,0.257301647,0.941428571,15.3110733,27.04173279
CREECH REEF (NORTH),Flank2,-13.63225433,144.1005699,0.118563782,0.9234375,3.237389207,26.97385406
CREECH REEF (NORTH),Front,-13.62604503,144.1139773,0.413491242,0.994324324,5.895373344,27.02213669
CURD REEF,Back,-12.58661453,143.5168953,0.245352201,0.7355,8.13941288,27.21174526
CURD REEF,Flank1,-12.58934975,143.5200163,0.19313509,0.8,8.13941288,27.19112301
CURD REEF,Flank2,-12.58826169,143.5073748,0.097768394,0.65875,11.73185825,27.23242283
CURD REEF,Front,-12.59219446,143.5134301,0.146582283,0.788125,8.13941288,27.21942234
DAVIE REEF,Back,-13.98562746,144.4501945,0.208544977,0.808333333,0.414867282,26.95458031
DAVIE REEF,Flank1,-13.97133012,144.4449301,0.163661391,0.877209302,5.082949162,27.00508213
DAVIE REEF,Flank2,-13.98148988,144.4695291,0.282600045,1,12.49511814,26.98736477
DAVIE REEF,Front,-13.97170917,144.4658365,0.365823306,0.967419355,0.348711908,26.9979744
DAVIES REEF,Back,-18.8469319,147.6343766,0.23995823,0.985882353,14.99397945,26.68843174
DAVIES REEF,Flank1,-18.802576,147.6571907,0.198965721,0.9535,12.24883366,26.66909885
DAVIES REEF,Flank2,-18.83340827,147.651604,0.324863285,0.990909091,13.44576931,26.75310993
DAVIES REEF,Front,-18.81193002,147.6679425,0.369309425,0.986551724,14.57791281,26.7006197
DIP REEF,Back,-18.40663505,147.4497433,0.294257253,0.751034483,12.12238312,26.76358986
DIP REEF,Flank1,-18.40294767,147.4568659,0.424886629,1,13.71708298,26.75970078
DIP REEF,Flank2,-18.41473853,147.454991,0.353360891,0.438039216,12.12238312,26.69655991
DIP REEF,Front,-18.41597154,147.4631904,0.550923541,0.994255319,16.39218712,26.7646246
EAST CAY REEF,Back,-21.48321666,152.562923,0.225581225,0.3145,7.18021822,25.58554649
EAST CAY REEF,Flank1,-21.46996379,152.5704663,0.636525765,0.972857143,5.308891535,25.76570034
EAST CAY REEF,Flank2,-21.49436391,152.5553198,0.641456544,1,7.363110065,25.57783508
EAST CAY REEF,Front,-21.48655921,152.5741548,0.992993951,1,8.880989075,25.5906868
EGRET REEF,Back,-15.46888744,145.4216164,0.054641762,NA,0.078619082,NA
EGRET REEF,Flank1,-15.46998871,145.4345398,0.34239424,NA,0.176363401,26.86368942
EGRET REEF,Flank2,-15.47965127,145.4044416,0.106386239,NA,11.8032999,26.8048439
EGRET REEF,Front,-15.4854838,145.4218932,0.347143561,NA,0.933697462,26.83073044
ELIZABETH REEF,Back,-19.33185033,149.0494637,0.276309542,0.8644,15.08185196,26.11278248
ELIZABETH REEF,Flank1,-19.32539229,149.0567955,0.483729072,1,12.08606052,26.20402813
ELIZABETH REEF,Flank2,-19.33840486,149.0420348,0.242380694,0.670833333,11.10102892,27.19555473
ELIZABETH REEF,Front,-19.33713597,149.0513843,0.580891788,1,11.10102892,26.17093468
ELLISON REEF,Back,-17.72507009,146.3979986,NA,0.22402439,9.057291031,26.94796562
ELLISON REEF,Flank1,-17.70778995,146.4082857,NA,0.362222222,11.80794001,26.99277306
ELLISON REEF,Flank2,-17.74125027,146.3793864,NA,0.3925,12.86969948,26.82414913
ELLISON REEF,Front,-17.72849853,146.4059955,NA,0.708469388,10.01248264,27.0718441
ERSKINE REEF,Back,-23.50158598,151.7700848,0.299218126,0.524137931,10.76141453,24.89285564
ERSKINE REEF,Flank1,-23.49939069,151.7794165,0.424103811,0.828571429,12.4648056,24.89037609
ERSKINE REEF,Flank2,-23.50806427,151.7735117,0.375255689,1,10.44468403,24.90138817
ERSKINE REEF,Front,-23.50513762,151.7815988,0.586244896,0.997826087,12.57386827,24.896451
EVENING REEF,Back,-15.90257769,145.6495074,0.272017106,0.7259375,9.290160656,26.83470058
EVENING REEF,Flank1,-15.89646834,145.6686582,0.30301556,0.805,8.57242775,26.93093967
EVENING REEF,Flank2,-15.91004587,145.6588511,0.28766565,0.869210526,9.85086441,26.85419083
EVENING REEF,Front,-15.90367594,145.6752245,0.533279106,1,8.57242775,26.91785049
EYE REEF,Back,-14.89588374,145.4753017,0.137974553,0.515454545,13.88694382,26.8279562
EYE REEF,Flank1,-14.88849145,145.4782262,0.075810336,0.441666667,12.66922855,26.83529186
EYE REEF,Flank2,-14.9003803,145.4804661,0.225359663,0.893333333,13.3915844,26.8279562
EYE REEF,Front,-14.89362118,145.4813864,0.459398508,0.554,12.07332325,26.83277225
EYRIE REEF,Back,-14.71381657,145.3695209,0.116774168,0.423492063,0.224623777,26.7704649
EYRIE REEF,Flank1,-14.69150216,145.379136,0.123576842,0.50925,3.947621942,26.78559875
EYRIE REEF,Flank2,-14.73153391,145.3709609,0.210304633,0.581,8.571835518,26.78112602
EYRIE REEF,Front,-14.71051124,145.3916614,0.384164259,0.652592593,0.11272496,NA
FAIRFAX ISLANDS REEF,Back,-23.85787229,152.3644592,0.2764946,0.4375,8.255174637,24.22139454
FAIRFAX ISLANDS REEF,Flank1,-23.84917411,152.3786808,0.573845744,0.985862069,7.549482584,NA
FAIRFAX ISLANDS REEF,Flank2,-23.8681345,152.3594397,0.329038143,0.852727273,10.17434406,24.24838829
FAIRFAX ISLANDS REEF,Front,-23.86208911,152.3773118,0.610202238,0.999,8.255174637,24.18908596
FAITH REEF,Back,-19.27681753,148.3464555,0.204782665,0.506170213,10.97558689,26.48578739
FAITH REEF,Flank1,-19.27092911,148.3552045,0.360426188,0.915,14.9303875,26.43334961
FAITH REEF,Flank2,-19.28829599,148.3469706,0.294077232,0.994285714,13.01751995,26.49164963
FAITH REEF,Front,-19.2835237,148.3565905,0.613052845,1,14.98192692,26.49679852
Fantome Island,Back,NA,NA,NA,NA,11.0419879,NA
Fantome Island,Flank1,NA,NA,NA,NA,9.718135357,NA
Fantome Island,Flank2,NA,NA,NA,NA,NA,NA
Fantome Island,Front,NA,NA,NA,NA,NA,NA
FANTOME ISLAND,Back,-18.67930638,146.506579,0.141894452,NA,NA,26.82235718
FANTOME ISLAND,Flank1,-18.65883334,146.5108455,0.301255882,NA,NA,27.05946541
FANTOME ISLAND,Flank2,-18.70740511,146.511831,0.209209412,NA,NA,26.94268703
FANTOME ISLAND,Front,-18.6874205,146.5259469,0.261825725,NA,NA,27.0718441
FARQUHARSON REEF (NO 1),Back,-17.79374325,146.5057408,NA,0.198256881,12.01652527,26.80666828
FARQUHARSON REEF (NO 1),Flank1,-17.78179428,146.5257168,NA,0.347391304,10.05043125,26.91948986
FARQUHARSON REEF (NO 1),Flank2,-17.80831748,146.498927,NA,0.369302326,10.6899271,26.86027336
FARQUHARSON REEF (NO 1),Front,-17.79420565,146.5267941,NA,0.874603175,11.1419611,26.88779068
FEATHER REEF,Back,-17.53367614,146.3853352,0.295581639,0.278877551,6.730475426,27.0718441
FEATHER REEF,Flank1,-17.52060544,146.3878768,0.349949814,0.33,13.84585619,26.97150612
FEATHER REEF,Flank2,-17.54865735,146.3762493,0.284826152,0.597142857,10.23521328,26.80438519
FEATHER REEF,Front,-17.53893428,146.3930707,0.403287277,0.980277778,3.630539894,26.95290661
FITZROY ISLAND REEF,Back,-16.92848553,145.9886842,0.147673376,NA,NA,26.85295582
FITZROY ISLAND REEF,Flank1,-16.92286215,145.999112,0.227063052,NA,13.56909275,26.84158993
FITZROY ISLAND REEF,Flank2,-16.93888004,145.984215,0.289888836,NA,13.73176098,26.9167757
FITZROY ISLAND REEF,Front,-16.93376907,146.0000927,0.404043362,NA,15.27011013,27.0718441
FLORA REEF,Back,-17.18067007,146.2883863,0.242144596,0.162244898,10.55267286,26.95184708
FLORA REEF,Flank1,-17.16847165,146.3021866,0.458233401,0.933333333,12.05167103,27.06546974
FLORA REEF,Flank2,-17.20049335,146.2894915,0.264653914,0.866842105,13.03985214,26.8582859
FLORA REEF,Front,-17.18746107,146.3027457,0.353867114,0.960833333,7.403150082,27.03593826
FLY REEF,Back,-14.50217422,145.1525621,0.266348146,0.537142857,9.035422325,26.79031181
FLY REEF,Flank1,-14.50386805,145.1598416,0.3113425,0.871666667,11.08067656,26.78278255
FLY REEF,Flank2,-14.50547784,145.1510286,0.120307088,1,9.035422325,26.79031181
FLY REEF,Front,-14.51026764,145.1604617,0.289945461,0.907307692,11.08067656,26.79633427
FLYNN REEF,Back,-16.73567631,146.2636713,0.259234726,0.966666667,12.0834837,27.0486002
FLYNN REEF,Flank1,-16.72929381,146.2685033,0.289526522,0.804375,16.32291889,27.04764843
FLYNN REEF,Flank2,-16.73870884,146.2670825,0.640705571,0.96,12.0834837,27.05069351
FLYNN REEF,Front,-16.73285268,146.2755346,0.729859829,1,1.559395015,27.05608368
FORE AND AFT REEF,Back,-18.48832941,147.0476705,0.351898938,0.552272727,11.66898108,26.79013538
FORE AND AFT REEF,Flank1,-18.49351722,147.0469571,0.35881485,0.915111111,9.850838661,26.79013538
FORE AND AFT REEF,Flank2,-18.50371849,147.0331599,0.283630036,0.313846154,12.84823608,26.65896225
FORE AND AFT REEF,Front,-18.50598496,147.0356659,0.569983885,0.998,12.84823608,26.69270611
FORK REEF,Back,-18.60968155,147.5675425,0.242831118,0.775172414,12.57074928,26.67159748
FORK REEF,Flank1,-18.61188755,147.5774634,0.711356521,0.998333333,12.54634571,26.68293858
FORK REEF,Flank2,-18.6218052,147.5620507,0.298460916,0.7325,12.82870388,26.8478651
FORK REEF,Front,-18.62339413,147.5693656,0.442041025,0.996875,8.083260059,26.67297554
FORRESTER REEF,Back,-15.15466439,145.495351,0.19338914,0.664130435,12.81566525,26.76473522
FORRESTER REEF,Flank1,-15.15996067,145.5137192,0.386006966,0.643529412,0.356178433,26.84863949
FORRESTER REEF,Flank2,-15.16956199,145.4785706,0.163280763,0.604888889,0.515036225,26.75726604
FORRESTER REEF,Front,-15.1807699,145.4981629,0.280513465,0.83787234,0.720194727,26.7992487
GANNETT CAY REEF,Back,-21.98031421,152.4728256,0.194494929,0.625454545,9.25300312,25.60694408
GANNETT CAY REEF,Flank1,-21.98117877,152.4817448,0.431029037,0.988421053,9.768795967,25.60511875
GANNETT CAY REEF,Flank2,-21.98524635,152.4722403,0.188761603,0.985,9.25300312,25.61048889
GANNETT CAY REEF,Front,-21.98637439,152.4776283,0.200015858,1,9.25300312,25.61048889
GILBEY REEF,Back,-17.57723881,146.5824456,0.262101151,0.588648649,11.87341785,26.95299816
GILBEY REEF,Flank1,-17.57017128,146.5872517,0.564524502,0.9985,14.11495209,26.94707012
GILBEY REEF,Flank2,-17.58795118,146.5734347,0.297855921,0.752,11.81086683,26.97813988
GILBEY REEF,Front,-17.58583641,146.5884039,0.587663397,1,12.8567276,26.96669102
GREEN ISLAND REEF,Back,-16.75311493,145.9681215,0.250369623,0.399411765,11.69189024,26.8173027
GREEN ISLAND REEF,Flank1,-16.75657934,145.985632,0.297740459,0.35775,12.5041666,27.0718441
GREEN ISLAND REEF,Flank2,-16.76754435,145.972934,0.300260365,0.77,0.582363248,26.81721306
GREEN ISLAND REEF,Front,-16.77054911,145.9913538,0.460570395,0.889746835,12.8426981,27.0718441
GRUB REEF(18077),Back,-18.63485021,147.4224559,0.236964166,0.417352941,11.44219398,26.65083218
GRUB REEF(18077),Flank1,-18.62137059,147.4340272,0.239049569,0.753,12.68570995,26.62713051
GRUB REEF(18077),Flank2,-18.646451,147.4242008,0.314768016,1,13.71566486,26.7161274
GRUB REEF(18077),Front,-18.63050757,147.4380864,0.611582547,0.998695652,15.236516,26.65373135
HARDY REEF,Back,-19.74101173,149.1860641,0.14768821,0.816984127,5.126611948,26.30144691
HARDY REEF,Flank1,-19.73555688,149.2260676,0.397701144,0.928850575,7.799843788,26.7959671
HARDY REEF,Flank2,-19.77690989,149.2308203,0.217825864,0.796181818,7.764996529,26.3090601
HARDY REEF,Front,-19.7802319,149.27142,0.554290801,0.990508475,7.679042101,26.47184372
HARRIER REEF,Back,-15.13426356,145.6918792,0.218699034,0.876,15.57628441,26.93409634
HARRIER REEF,Flank1,-15.13337421,145.697692,0.316401102,0.886923077,15.57628441,26.93409634
HARRIER REEF,Flank2,-15.13853598,145.6876997,0.24469896,0.834,15.72185516,26.93166447
HARRIER REEF,Front,-15.13831906,145.6931442,0.413168408,1,15.72185516,26.93409634
HASTINGS REEF,Back,-16.51693227,146.0098491,0.262506649,0.348723404,9.888154984,26.95936775
HASTINGS REEF,Flank1,-16.50019301,146.0159498,0.411004648,0.802105263,11.91888285,26.98202896
HASTINGS REEF,Flank2,-16.53065535,145.9945753,0.349532172,0.941034483,13.20353794,26.97969055
HASTINGS REEF,Front,-16.51624195,146.0205564,0.522189319,0.981376147,10.72610474,26.90830231
HAVANNAH REEF,Back,-18.8334354,146.5325162,0.234190997,NA,11.43074226,27.15790462
HAVANNAH REEF,Flank1,-18.83600211,146.5448906,0.459170669,NA,9.791070938,27.0718441
HAVANNAH REEF,Flank2,-18.84315347,146.5372551,0.252160892,NA,1.112855315,27.1437645
HAVANNAH REEF,Front,-18.84672797,146.5499922,0.512276411,NA,11.30564499,27.0718441
HAYMAN ISLAND REEF,Back,-20.06039112,148.8772091,0.139333002,NA,NA,26.3339138
HAYMAN ISLAND REEF,Flank1,-20.05703317,148.900186,0.480849758,NA,9.10175705,26.33671665
HAYMAN ISLAND REEF,Flank2,-20.06823939,148.8890514,0.036417935,NA,5.794084311,26.29915619
HAYMAN ISLAND REEF,Front,-20.06792801,148.9001258,0.225209646,NA,9.649089813,26.29984951
HEDGE REEF,Flank1,-13.80117634,144.0085218,0.198508419,0.779672131,5.105200768,26.97753429
HEDLEY REEF,Back,-17.23709705,146.4705552,0.31114091,0.534719101,8.452297211,26.93208981
HEDLEY REEF,Flank1,-17.21807619,146.4752743,0.600098193,0.995,16.86558819,27.03033733
HEDLEY REEF,Flank2,-17.25422421,146.4595903,0.379341975,0.8,12.97235394,26.97162056
HEDLEY REEF,Front,-17.24141008,146.4734362,0.615326345,0.964404762,9.499117851,26.93997574
HELIX REEF,Back,-18.62556538,147.2947014,0.365028121,0.971428571,17.27143288,26.88447475
HELIX REEF,Flank1,-18.62080724,147.2949102,0.343328729,1,15.00835419,26.44608974
HELIX REEF,Flank2,-18.62678839,147.298792,0.48038508,1,17.27143288,26.88447475
HELIX REEF,Front,-18.62131794,147.2987448,0.442183778,0.9975,15.00835419,26.88447475
HELSDON REEF,Back,-14.93742539,145.4886612,0.154749535,0.416190476,12.14430618,26.75951481
HELSDON REEF,Flank1,-14.93815341,145.5004931,0.41667629,0.660344828,8.492177963,26.83644485
HELSDON REEF,Flank2,-14.9506171,145.4835436,0.168149505,0.463584906,4.335553646,26.76675224
HELSDON REEF,Front,-14.95459836,145.5000762,0.368345022,0.93725,0.011157662,26.81579781
HOLBOURNE ISLAND REEF,Back,-19.72868668,148.3555493,0.272378877,NA,14.25780582,26.4981575
HOLBOURNE ISLAND REEF,Flank1,-19.72512656,148.3599391,0.259948403,NA,14.25780582,26.4981575
HOLBOURNE ISLAND REEF,Flank2,-19.7331523,148.3641916,0.461053208,NA,13.55999327,26.5553484
HOLBOURNE ISLAND REEF,Front,-19.73043862,148.3650272,0.50339973,NA,13.88525963,26.4981575
HOPE REEF(19046),Back,-19.32141738,148.4305638,0.146702915,0.330714286,6.731936216,26.42010689
HOPE REEF(19046),Flank1,-19.31530243,148.4386683,0.319635369,0.631428571,11.41200256,26.38904667
HOPE REEF(19046),Flank2,-19.33031427,148.4301381,0.164713427,0.75,6.552293777,26.42296124
HOPE REEF(19046),Front,-19.32687828,148.44095,0.568436444,1,11.2655611,26.41371918
HORSESHOE,Back,-22.03718281,152.600606,0.208748922,0.195093168,7.866784811,25.55438614
HORSESHOE,Flank1,-22.02580676,152.6127487,0.42276907,0.895384615,6.744281054,25.56050491
HORSESHOE,Flank2,-22.05122115,152.573169,0.27683232,0.777674419,7.310380697,25.52953625
HORSESHOE,Front,-22.04690078,152.5971643,0.34901461,0.980784314,7.4449687,25.54366398
HOSKYN ISLANDS REEF,Back,-23.80198253,152.2900573,0.276969276,0.815714286,12.59011078,24.29155064
HOSKYN ISLANDS REEF,Flank1,-23.79848874,152.3035639,0.713403195,1,10.95768261,24.28546715
HOSKYN ISLANDS REEF,Flank2,-23.81138757,152.2845598,0.349619091,0.912631579,9.447362423,24.34712124
HOSKYN ISLANDS REEF,Front,-23.80924674,152.3000851,0.574693292,1,6.463750362,24.28862667
Houghton Reef,Back,NA,NA,NA,NA,13.50768375,NA
Houghton Reef,Flank1,NA,NA,NA,NA,13.50768375,NA
Houghton Reef,Flank2,NA,NA,NA,NA,11.24385166,NA
Houghton Reef,Front,NA,NA,NA,NA,13.50768375,NA
HOUGHTON REEF,Back,-14.52135933,144.9736802,NA,NA,NA,26.76291275
HOUGHTON REEF,Flank1,-14.52342688,144.9820115,NA,NA,NA,26.8011055
HOUGHTON REEF,Flank2,-14.52358039,144.9658098,NA,NA,NA,26.79495907
HOUGHTON REEF,Front,-14.52767782,144.9731046,NA,NA,NA,26.81738758
HYDE REEF,Back,-19.75349224,150.0758231,0.249311462,0.865,5.939939499,25.8786335
HYDE REEF,Flank1,-19.74234391,150.0875159,0.501472332,1,5.299415827,25.87032223
HYDE REEF,Flank2,-19.7691559,150.0852695,0.47667855,0.981071429,4.753724098,25.85605621
HYDE REEF,Front,-19.75726883,150.0987426,0.644909978,0.999444444,2.136775017,25.84143448
IRENE REEF,Back,-15.64759701,145.7200941,0.224255301,0.765416667,12.18264389,26.82803631
IRENE REEF,Flank1,-15.63575029,145.7226452,0.184797175,1,12.18647671,26.87665367
IRENE REEF,Flank2,-15.65679987,145.7191142,0.503351063,0.993703704,16.00520897,26.88046741
IRENE REEF,Front,-15.64359884,145.7297375,0.569752142,0.939756098,14.56556225,26.87895012
JACQUELINE REEF,Back,-19.21665393,148.905172,0.297584981,0.964631579,15.67314148,26.2776947
JACQUELINE REEF,Flank1,-19.19812234,148.9089426,0.487072915,0.997777778,13.23920822,26.29738998
JACQUELINE REEF,Flank2,-19.22577044,148.8962186,0.231745467,0.917727273,14.83282185,26.28109646
JACQUELINE REEF,Front,-19.21846805,148.9093276,0.56835568,1,13.82755566,26.28755856
JAGUAR REEF,Back,-18.97503919,148.4253298,0.253042933,0.7385,13.06135273,26.6857729
JAGUAR REEF,Flank1,-18.96752821,148.4229856,0.352993637,1,16.54357338,26.76574326
JAGUAR REEF,Flank2,-18.98161425,148.426493,0.233748011,0.747857143,15.01490116,26.80243778
JAGUAR REEF,Front,-18.97672512,148.4324569,0.53571327,1,14.54620075,26.6857729
JENKINS REEF,Back,-21.95416074,152.5928798,0.311129332,0.910909091,7.281711578,25.72421837
JENKINS REEF,Flank1,-21.94796221,152.6077725,0.43524918,0.9905,10.68573761,25.54924583
JENKINS REEF,Flank2,-21.95980825,152.5967675,0.274729103,0.9784375,11.56052732,25.55929184
JENKINS REEF,Front,-21.95369992,152.6131976,0.579029158,1,7.401373863,25.53931427
JOHN BREWER REEF,Back,-18.62053086,147.0494995,0.217309877,0.775308642,12.39155579,26.78564835
JOHN BREWER REEF,Flank1,-18.61765589,147.0783444,0.51928246,0.985333333,8.479596138,26.81320286
JOHN BREWER REEF,Flank2,-18.64046589,147.0333343,0.233952209,0.805555556,11.47315788,26.6522274
JOHN BREWER REEF,Front,-18.63948101,147.0643563,0.502772853,0.980617284,13.13132811,26.71969318
KANGAROO REEF (WEST),Back,-19.2608992,148.5474831,0.163637366,0.205625,7.613567352,26.23641777
KANGAROO REEF (WEST),Flank1,-19.25349046,148.5535961,0.226750761,0.496666667,7.045401096,26.2371254
KANGAROO REEF (WEST),Flank2,-19.26576027,148.54459,0.255167529,0.784285714,7.613567352,26.23223019
KANGAROO REEF (WEST),Front,-19.26109912,148.5560566,0.363960654,0.862857143,0.217805631,26.23641777
KAY REEF,Back,-12.21791941,143.2640661,0.059041861,NA,11.08538437,27.20039845
KAY REEF,Flank1,-12.22212715,143.2854612,0.173455887,NA,0.032125348,27.34737778
KAY REEF,Flank2,-12.23646798,143.2801945,0.034822103,NA,0.06758745,NA
KAY REEF,Front,-12.23736499,143.3047951,0.262819752,NA,0.632298589,27.34144402
KELSO REEF,Back,-18.43410478,146.9953436,0.205790646,0.341976744,12.61117744,26.64796925
KELSO REEF,Flank1,-18.4209,146.9898068,0.353047803,0.977741935,11.97814178,26.74171448
KELSO REEF,Flank2,-18.44777312,146.9984888,0.21023792,0.899117647,15.1284132,26.74512005
KELSO REEF,Front,-18.43237373,147.0026768,0.461964309,0.994186047,12.61117744,26.68715
KNIFE REEF,Back,-18.58000857,147.5728945,0.242862586,0.828108108,15.02057362,26.67928219
KNIFE REEF,Flank1,-18.57231664,147.5778508,0.363389492,1,15.75943518,26.6848402
KNIFE REEF,Flank2,-18.5887394,147.5686039,0.335290104,0.959285714,14.6768837,26.65640545
KNIFE REEF,Front,-18.58304824,147.5790277,0.751461819,1,10.13290644,26.65396881
LADY MUSGRAVE REEF,Back,-23.89566002,152.4011108,0.27323924,0.812615385,7.546610117,24.19871521
LADY MUSGRAVE REEF,Flank1,-23.88876988,152.4261641,0.661286652,1,4.794599533,24.22328854
LADY MUSGRAVE REEF,Flank2,-23.91311718,152.3871053,0.369076669,0.821153846,8.611804008,24.24175072
LADY MUSGRAVE REEF,Front,-23.91244678,152.4164306,0.65353547,1,3.530766964,27.0718441
LAGOON REEF,Back,-12.37941934,143.7566155,0.132379003,0.918793103,12.55331469,27.11738873
LAGOON REEF,Flank1,-12.37705259,143.7747986,0.255745754,0.989642857,10.79434776,27.17842293
LAGOON REEF,Flank2,-12.39716011,143.7564469,0.25108828,0.877894737,8.477655411,27.117486
LAGOON REEF,Front,-12.3909678,143.7785713,0.528370976,1,11.10745144,27.17028046
LANGFORD-BIRD REEF,Back,-20.08448716,148.8728289,0.148282178,NA,8.42472744,26.23314095
LANGFORD-BIRD REEF,Flank1,-20.08236326,148.8794243,0.099310368,NA,11.28224802,26.23314095
LANGFORD-BIRD REEF,Flank2,-20.09327918,148.8722559,0.217719831,NA,8.42472744,26.23071957
LANGFORD-BIRD REEF,Front,-20.09288995,148.8815394,0.182142992,NA,12.88503742,26.23071957
LENA REEF,Back,-15.64864083,145.8087647,0.256285846,0.75893617,11.94899273,26.95259953
LENA REEF,Flank1,-15.62929919,145.8137323,0.422964253,0.946666667,13.73524094,26.93802166
LENA REEF,Flank2,-15.66569926,145.8092762,0.531087235,1,13.38062096,26.98986816
LENA REEF,Front,-15.64700639,145.8158344,0.647385165,1,16.28454399,26.94695663
LINNET REEF,Back,-14.78390475,145.3363872,0.172383964,NA,0.368325517,26.76308632
LINNET REEF,Flank1,-14.78049089,145.3482509,0.07723859,NA,11.65041542,27.0718441
LINNET REEF,Flank2,-14.79497015,145.3409909,0.278937966,NA,11.4111681,27.00969696
LINNET REEF,Front,-14.79161309,145.3509936,0.386874549,NA,11.46043491,26.8263483
Little Broadhurst Reef,Back,NA,NA,NA,NA,14.08712101,NA
Little Broadhurst Reef,Flank1,NA,NA,NA,NA,14.37431335,NA
Little Broadhurst Reef,Flank2,NA,NA,NA,NA,14.23118782,NA
Little Broadhurst Reef,Front,NA,NA,NA,NA,11.66835594,NA
LITTLE KELSO REEF,Back,-18.46473533,146.9931513,0.229840823,0.255,7.943917036,26.80856991
LITTLE KELSO REEF,Flank1,-18.46474911,147.0040176,0.358195536,0.9865,9.909020901,26.81606865
LITTLE KELSO REEF,Flank2,-18.47434113,146.9869289,0.150274314,0.723684211,12.72148705,26.78812981
LITTLE KELSO REEF,Front,-18.47575078,146.9963931,0.21758315,0.9756,4.795393229,26.78812981
LIZARD ISLAND,Back,-14.67012069,145.4449432,0.101979876,0.530479042,13.2298069,26.87339497
LIZARD ISLAND,Flank1,-14.65718042,145.4679873,0.183278784,0.930350877,NA,26.90920067
LIZARD ISLAND,Flank2,-14.69638723,145.4456517,0.155921422,0.873170732,15.90224791,26.7617178
LIZARD ISLAND,Front,-14.69038721,145.4679973,0.32803607,0.949375,8.781187057,26.84929657
LOG REEF (SOUTH),Back,-12.68105277,143.8431183,0.105995946,0.361428571,12.43397331,27.15954971
LOG REEF (SOUTH),Flank1,-12.6594564,143.8381472,0.189117994,0.82,10.06558418,27.15461445
LOG REEF (SOUTH),Flank2,-12.69949117,143.8364772,0.304713801,0.949245283,12.05120754,27.18713665
LOG REEF (SOUTH),Front,-12.67834868,143.8558521,0.474107102,0.985,13.14919233,27.2138319
LOW ISLANDS REEF,Back,-16.38228749,145.5635667,0.159448981,NA,13.10260582,26.79824924
LOW ISLANDS REEF,Flank1,-16.38481892,145.5709407,0.495904081,NA,13.10260582,26.80687714
LOW ISLANDS REEF,Flank2,-16.38784525,145.5582099,0.353280813,NA,11.20998096,26.85400677
LOW ISLANDS REEF,Front,-16.39345662,145.5686813,0.548156351,NA,12.07499599,26.84582615
Lynchs Reef,Back,NA,NA,NA,NA,14.50846338,NA
Lynchs Reef,Flank1,NA,NA,NA,NA,12.93265963,NA
Lynchs Reef,Flank2,NA,NA,NA,NA,12.92984104,NA
Lynchs Reef,Front,NA,NA,NA,NA,14.29815149,NA
LYNCHS REEF,Back,-18.795742,147.6889206,0.156128429,0.74,NA,26.69186974
LYNCHS REEF,Flank1,-18.73470763,147.7272837,0.307341143,0.88,NA,26.65856266
LYNCHS REEF,Flank2,-18.81016703,147.7229264,0.479492933,0.76,NA,26.80570793
LYNCHS REEF,Front,-18.79186561,147.7335614,0.264456481,1,NA,26.67327881
MACGILLIVRAY REEF,Back,-14.65049767,145.4886181,NA,0.787058824,13.45675659,26.81905842
MACGILLIVRAY REEF,Flank1,-14.65046711,145.4935705,NA,0.964,14.39874172,26.88184738
MACGILLIVRAY REEF,Flank2,-14.65586933,145.4918579,0.244033158,1,14.39874172,26.81905842
MACGILLIVRAY REEF,Front,-14.65561487,145.4956522,0.317091674,0.985,14.39874172,26.88184738
MACKAY REEF,Back,-16.04313365,145.6467666,0.265867427,0.563809524,14.00375414,26.94159031
MACKAY REEF,Flank1,-16.03939531,145.6536491,0.442900062,0.968,15.12914991,26.95243168
MACKAY REEF,Flank2,-16.04960571,145.641356,0.293716803,0.733636364,12.63212776,26.93472481
MACKAY REEF,Front,-16.04724938,145.6493476,0.363605447,0.885714286,14.00375414,26.9390173
MACKAY REEFS,Back,-15.14831046,145.5868449,0.177898943,0.292222222,9.568310261,26.83450222
MACKAY REEFS,Flank1,-15.13966153,145.5941207,0.173796833,0.343333333,13.08025074,26.85795212
MACKAY REEFS,Flank2,-15.16112883,145.5690739,0.269852404,0.538888889,13.49964428,26.81444931
MACKAY REEFS,Front,-15.15872541,145.5860777,0.3473382,0.68475,12.8031435,26.82913494
MANTIS REEF,Back,-12.32496737,143.8597959,0.134576589,0.367358491,5.747810841,27.20184803
MANTIS REEF,Flank1,-12.31321034,143.8745468,0.130791403,0.375116279,6.838142872,27.20726299
MANTIS REEF,Flank2,-12.32745908,143.8541177,0.147336915,0.8228,7.978987694,27.22874355
MANTIS REEF,Front,-12.34291739,143.8643614,0.25844945,0.948780488,7.640105724,27.21675301
MARTIN REEF(14123),Back,-14.76318032,145.3404087,0.064079881,NA,9.949769974,26.88519478
MARTIN REEF(14123),Flank1,-14.75355965,145.3510638,0.143432565,NA,0.105390593,NA
MARTIN REEF(14123),Flank2,-14.77860926,145.358902,0.350241654,NA,6.319350958,26.90599918
MARTIN REEF(14123),Front,-14.76626936,145.3725758,0.360308141,NA,0.360816061,27.0718441
MARX REEF,Back,-15.19624548,145.6128442,0.295376211,0.855882353,16.6153183,26.93603325
MARX REEF,Flank1,-15.19562926,145.6236729,0.39520213,0.600625,14.30210972,26.94781876
MARX REEF,Flank2,-15.20054489,145.6190265,0.216540415,0.990833333,14.27774048,26.93603325
MARX REEF,Front,-15.19993695,145.6281393,0.321689993,1,17.0123682,26.94908524
MAST HEAD REEF,Back,-23.53319236,151.7316371,0.411310583,0.586444444,0.082601473,27.0718441
MAST HEAD REEF,Flank1,-23.53908998,151.761352,0.563496962,0.876470588,2.143214822,24.91715813
MAST HEAD REEF,Flank2,-23.54418734,151.725065,0.401904084,0.861481481,9.832722664,24.94635677
MAST HEAD REEF,Front,-23.54933818,151.7537089,0.465291113,1,2.657848835,25.96671104
MCCULLOCH,Back,-17.28736126,146.4371616,0.353364989,0.525645161,12.95330429,27.10614491
MCCULLOCH,Flank1,-17.29200085,146.4657245,0.388049699,0.508571429,13.81412125,26.95162964
MCCULLOCH,Flank2,-17.29499175,146.4315865,0.434936859,0.672474227,13.32882214,26.91464806
MCCULLOCH,Front,-17.29691609,146.46782,0.603446126,0.935913978,13.81412125,26.94685173
MCSWEENEY REEF,Back,-11.01937531,143.2411667,0.153030757,0.612222222,13.71973705,27.3937664
MCSWEENEY REEF,Flank1,-11.02213706,143.2536231,0.238086239,0.47173913,2.301939011,27.39127064
MCSWEENEY REEF,Flank2,-11.02828334,143.2444312,0.240738746,0.681363636,6.689685822,27.38872051
MCSWEENEY REEF,Front,-11.03023668,143.258543,0.32607878,0.842777778,2.301939011,27.3865881
MICHAELMAS REEF,Back,-16.58423546,146.0130042,0.255543642,0.116270492,5.728658199,26.9495163
MICHAELMAS REEF,Flank1,-16.55326302,146.053248,0.568503767,0.9690625,11.49304867,27.00889397
MICHAELMAS REEF,Flank2,-16.61152046,145.9796339,0.202073313,0.883823529,9.903979301,26.92742538
MICHAELMAS REEF,Front,-16.58746977,146.0330115,0.492912754,0.954558824,5.437880039,26.96738148
MIDDLE BANKS (2),Back,-11.7630159,143.6501252,0.128614426,0.99,13.80629826,27.23614979
MIDDLE BANKS (2),Flank1,-11.76175285,143.6532785,0.188431405,1,13.80629826,27.17265511
MIDDLE BANKS (2),Flank2,-11.76636766,143.6512452,0.067354895,0.98375,13.80629826,27.17325497
MIDDLE BANKS (2),Front,-11.76438365,143.6541788,0.428374156,0.9525,13.80629826,27.18056107
MIDDLE BANKS B (3),Back,-11.77157403,143.6546615,0.114843253,0.932142857,14.60358334,27.17981625
MIDDLE BANKS B (3),Flank1,-11.76843949,143.6591683,0.313718095,0.965,13.04611111,27.18056107
MIDDLE BANKS B (3),Flank2,-11.77452196,143.6571313,0.13114051,1,12.6528945,27.17981625
MIDDLE BANKS B (3),Front,-11.77130932,143.6603273,0.430484265,1,12.6528945,27.17981625
MONSOON REEF,Back,-11.12890355,143.2532776,0.124882989,0.710769231,9.373531342,27.39788342
MONSOON REEF,Flank1,-11.128712,143.2637297,0.208234627,0.626857143,0.143212795,27.38801384
MONSOON REEF,Flank2,-11.13475258,143.2570473,0.149803996,0.693846154,9.373531342,27.3959589
MONSOON REEF,Front,-11.13717153,143.266883,0.221752033,0.804375,13.06725979,27.38801384
MOORE REEF,Back,-16.8712485,146.2307155,0.315918565,0.219211823,7.63785553,27.08729267
MOORE REEF,Flank1,-16.84779361,146.2303534,0.303152904,0.920909091,11.18541813,27.10725784
MOORE REEF,Flank2,-16.88858518,146.2150446,0.259808458,0.672727273,12.24310112,26.99014664
MOORE REEF,Front,-16.87060774,146.2414882,0.465974823,0.929769231,4.12590313,27.0718441
MORNING REEF,Back,-15.95846,145.6856338,0.22413253,0.89125,15.79572201,26.95569801
MORNING REEF,Flank1,-15.95558289,145.6907274,0.23915739,0.948333333,14.83801985,26.97455215
MORNING REEF,Flank2,-15.96109903,145.6898213,0.33155854,0.998666667,15.35054588,26.95569801
MORNING REEF,Front,-15.9571358,145.6969955,0.510682672,1,14.83801985,26.97455215
MORRIS ISLAND REEF,Back,-13.48407652,143.7276596,0.002518831,0.397368421,6.424878597,27.10335064
MORRIS ISLAND REEF,Flank1,-13.46880552,143.743888,0.025412288,0.504473684,8.646253586,27.06412792
MORRIS ISLAND REEF,Flank2,-13.50279309,143.7203744,0.02209316,0.583448276,0.131624743,27.10320187
MORRIS ISLAND REEF,Front,-13.49183998,143.746045,0.075731561,0.625813953,0.06295966,27.16415882
MOSS REEF,Back,-17.94531251,146.7957297,0.335424989,0.886428571,10.79068851,26.94102097
MOSS REEF,Flank1,-17.92446155,146.7970439,0.618749991,1,16.73948002,27.00586796
MOSS REEF,Flank2,-17.96427717,146.7964698,0.579191089,0.997272727,14.53208494,26.94736004
MOSS REEF,Front,-17.94422287,146.8015016,0.75544554,1,10.79068851,26.95862389
MYRMIDON REEF,Back,-18.27114593,147.3806543,0.262773976,0.574098361,14.00247097,26.91025162
MYRMIDON REEF,Flank1,-18.25636767,147.3856738,0.410804555,0.99030303,15.04899597,26.84014225
MYRMIDON REEF,Flank2,-18.27680571,147.3886459,0.579104364,1,15.3073988,26.94792175
MYRMIDON REEF,Front,-18.26065232,147.3985092,0.624468774,1,16.95405388,26.95651436
NO NAME REEF,Back,-14.64462527,145.6465144,NA,0.255979381,10.76747322,26.82184696
NO NAME REEF,Flank1,-14.63337439,145.6380737,NA,0.9225,10.78872299,26.85133648
NO NAME REEF,Flank2,-14.65645582,145.6500865,0.305773146,0.869354839,8.119785309,26.83563328
NO NAME REEF,Front,-14.63653869,145.654233,NA,0.999268293,10.41290998,26.89805508
Noggin Reef,Back,NA,NA,NA,NA,13.67172718,NA
Noggin Reef,Flank1,NA,NA,NA,NA,15.76165009,NA
Noggin Reef,Flank2,NA,NA,NA,NA,14.84536266,NA
Noggin Reef,Front,NA,NA,NA,NA,2.365208626,NA
NOGGIN REEF,Back,-17.13085009,146.4677393,0.413728029,0.68,NA,26.9120903
NOGGIN REEF,Flank1,-17.11234003,146.4781527,0.503446132,0.92,NA,26.96399498
NOGGIN REEF,Flank2,-17.15204685,146.4650128,0.530439377,1,NA,27.02872562
NOGGIN REEF,Front,-17.13238327,146.4785055,0.482059032,0.8,NA,26.99837208
NORMAN REEF,Back,-16.42496855,145.9923109,0.29887332,0.922972973,12.31625509,26.9859724
NORMAN REEF,Flank1,-16.41910706,146.0032809,0.691982299,1,13.8085928,27.00507641
NORMAN REEF,Flank2,-16.43590657,145.9942986,0.58848083,0.996363636,11.20774126,26.99462318
NORMAN REEF,Front,-16.42891558,146.0034444,0.789578527,1,13.47611427,27.00972748
Normanby-Mabel Reef,Back,NA,NA,NA,NA,13.63505363,NA
Normanby-Mabel Reef,Flank1,NA,NA,NA,NA,13.63505363,NA
Normanby-Mabel Reef,Flank2,NA,NA,NA,NA,12.98641491,NA
Normanby-Mabel Reef,Front,NA,NA,NA,NA,12.98641491,NA
NORMANBY-MABEL REEF,Back,-17.20466135,146.0758147,0.448503017,NA,NA,26.69173717
NORMANBY-MABEL REEF,Flank1,-17.20778355,146.0787646,0.36206761,NA,NA,26.69173717
NORMANBY-MABEL REEF,Flank2,-17.21107565,146.0771331,0.422022164,NA,NA,26.69173717
NORMANBY-MABEL REEF,Front,-17.21372895,146.0809094,0.396772116,NA,NA,26.68608856
NORTH DIRECTION REEF,Back,-14.74381386,145.5061639,0.154642452,0.871111111,15.43417454,26.88402939
NORTH DIRECTION REEF,Flank1,-14.74196965,145.5105287,0.138864115,0.985294118,17.42454529,26.89343452
NORTH DIRECTION REEF,Flank2,-14.74856219,145.5110757,0.213911816,1,17.42454529,26.89055634
NORTH DIRECTION REEF,Front,-14.74723832,145.5160666,0.252190571,0.951111111,17.42454529,26.90440369
NORTH REEF (NORTH),Back,-23.18592839,151.8954427,0.412063628,0.783846154,8.684994698,24.72153759
NORTH REEF (NORTH),Flank1,-23.17919931,151.9003406,0.380383201,0.819,5.746879816,24.71642494
NORTH REEF (NORTH),Flank2,-23.19053328,151.9051395,0.493274778,1,10.3961916,24.71082306
NORTH REEF (NORTH),Front,-23.1827363,151.9157438,0.772912651,1,3.629552722,24.70053577
ONE TREE REEF,Back,-23.49914125,152.0423001,0.296892092,0.73516129,5.303916931,24.46265507
ONE TREE REEF,Flank1,-23.48572908,152.0670533,0.395254023,0.851636364,5.261214972,24.36082077
ONE TREE REEF,Flank2,-23.51020826,152.0694057,0.510786951,0.996875,0.003230704,24.44218636
ONE TREE REEF,Front,-23.49420049,152.0940136,0.67309764,0.998571429,10.61938906,NA
OPAL (2),Back,-16.22290736,145.8899604,0.235952731,0.342839506,8.373088837,26.96562099
OPAL (2),Flank1,-16.2039103,145.9039923,0.525706112,0.905652174,13.2831049,26.98925591
OPAL (2),Flank2,-16.24170212,145.8748558,0.411484897,0.720232558,9.65277195,26.95687485
OPAL (2),Front,-16.22789253,145.9026798,0.719223082,0.9992,6.280788183,27.00907135
OSBORNE REEF,Back,-13.03493963,143.6237843,0.136863202,0.614210526,10.23205757,27.10801697
OSBORNE REEF,Flank1,-13.03232877,143.6372184,0.136396855,0.650625,1.777920902,27.13340282
OSBORNE REEF,Flank2,-13.04715532,143.617136,0.046056298,0.621071429,0.825949371,27.13255596
OSBORNE REEF,Front,-13.04705479,143.6316436,0.165709034,0.7858,0.174769774,27.10878563
OSYTER REEF,Back,-16.64707379,145.9337538,0.122548554,0.27,NA,NA
OSYTER REEF,Flank1,-16.63022438,145.9247589,0.193533957,0.21,NA,NA
OSYTER REEF,Flank2,-16.64296862,145.9475252,0.36798349,0.61,NA,NA
OSYTER REEF,Front,-16.62640797,145.9401669,0.308302954,0.36,NA,NA
Oyster Reef,Back,NA,NA,NA,NA,12.47915173,NA
Oyster Reef,Flank1,NA,NA,NA,NA,9.529316902,NA
Oyster Reef,Flank2,NA,NA,NA,NA,12.02964306,NA
Oyster Reef,Front,NA,NA,NA,NA,13.7865572,NA
OYSTER REEF,Back,NA,NA,NA,NA,NA,27.0718441
OYSTER REEF,Flank1,NA,NA,NA,NA,NA,26.78696346
OYSTER REEF,Flank2,NA,NA,NA,NA,NA,27.0069809
OYSTER REEF,Front,NA,NA,NA,NA,NA,27.0718441
PEARSON REEF,Back,-11.5636473,143.7101706,0.177639309,0.902758621,9.042370796,27.16169548
PEARSON REEF,Flank1,-11.56239429,143.7238883,0.350348487,0.983888889,11.90312338,27.18189144
PEARSON REEF,Flank2,-11.57199541,143.7099614,0.231191531,0.9965,9.042370796,27.16169548
PEARSON REEF,Front,-11.57051174,143.7247245,0.486233979,0.996842105,11.90312338,27.18189144
PEART REEF,Back,-17.48103448,146.4017141,0.340880468,0.107777778,7.52393198,27.01717377
PEART REEF,Flank1,-17.46758685,146.4034595,0.583443612,0.938461538,14.18739033,26.96011543
PEART REEF,Flank2,-17.49615847,146.3975397,0.285149157,0.379375,11.11996078,26.87852097
PEART REEF,Front,-17.49110091,146.408555,0.466407523,0.862285714,10.70839882,26.89809895
PENRITH REEF,Back,-21.01847215,149.8899653,0.433205843,NA,8.694937706,27.0718441
PENRITH REEF,Flank1,-21.00251213,149.8949808,0.377913594,NA,9.230995178,25.95348454
PENRITH REEF,Flank2,-21.0284153,149.9077286,0.630024314,NA,10.89995384,25.93975258
PENRITH REEF,Front,-21.01346582,149.9113184,0.560645759,NA,10.14236498,25.9211216
PICKERSGILL REEF,Back,-15.87373087,145.5626337,0.324305266,0.720873016,7.317898273,27.0718441
PICKERSGILL REEF,Flank1,-15.86187836,145.5802572,0.473309532,0.858888889,8.589295387,26.8799839
PICKERSGILL REEF,Flank2,-15.88800808,145.5890323,0.423975095,0.863934426,11.74457932,26.91529846
PICKERSGILL REEF,Front,-15.87758797,145.6021168,0.433601782,0.963181818,2.754175663,26.99507141
POMPEY REEF (NO 1),Back,-20.9271844,150.5458842,0.266865864,0.280909091,8.92525053,25.91656494
POMPEY REEF (NO 1),Flank1,-20.92331979,150.5605766,0.490218066,0.6,10.99903011,25.54051781
POMPEY REEF (NO 1),Flank2,-20.93877324,150.5375666,0.244009636,0.699583333,9.913017273,25.95809364
POMPEY REEF (NO 1),Front,-20.93679652,150.5560192,0.411854491,0.948717949,10.95440769,25.59917545
POMPEY REEF (NO 2),Back,-20.98046494,150.5255834,0.240852781,0.392888889,6.873113155,25.97196388
POMPEY REEF (NO 2),Flank1,-20.98032806,150.5402943,0.425484449,0.863,9.754935265,25.9852562
POMPEY REEF (NO 2),Flank2,-20.99099184,150.5155649,0.220468037,0.642,9.101643562,25.96904945
POMPEY REEF (NO 2),Front,-20.99452211,150.5312565,0.370598301,0.899354839,11.32331944,25.98269463
POTTER REEF (NO 1),Back,-17.69234949,146.5487911,NA,0.100794702,13.71668625,26.8737402
POTTER REEF (NO 1),Flank1,-17.66505207,146.5607355,0.582310319,0.964444444,15.57872105,26.97979546
POTTER REEF (NO 1),Flank2,-17.71664885,146.5285344,NA,0.5495,12.51836681,26.86888409
POTTER REEF (NO 1),Front,-17.69714135,146.5575459,NA,0.992962963,12.73033524,26.8737402
QUOIN REEF(12027),Back,-12.40292516,143.4871354,0.114031356,0.7,15.69688559,27.29823399
QUOIN REEF(12027),Flank1,-12.40215758,143.4883698,0.236393493,0.613333333,15.69688559,27.29823399
QUOIN REEF(12027),Flank2,-12.40519485,143.4876177,0.125698259,0.582857143,15.69688559,27.30691624
QUOIN REEF(12027),Front,-12.4046807,143.4898924,0.23815915,0.7025,14.53049707,27.30691624
RACHEL CARSON REEF,Back,-15.82847801,145.8155206,0.353725344,0.922195122,11.55570507,26.93192863
RACHEL CARSON REEF,Flank1,-15.81218093,145.8187208,0.5936158,0.997142857,17.6967907,26.9963274
RACHEL CARSON REEF,Flank2,-15.8407983,145.8213514,0.678931117,0.98125,14.68997383,26.96150589
RACHEL CARSON REEF,Front,-15.82630049,145.826595,0.93610926,1,13.1659317,26.9973278
REBE REEF,Back,-19.80108502,150.1439024,0.263275295,0.664,13.03174162,25.79547405
REBE REEF,Flank1,-19.79272372,150.1526123,0.34848243,0.822941176,5.349460363,25.78831196
REBE REEF,Flank2,-19.81154669,150.1453351,0.366228148,0.941666667,2.280915976,25.8042717
REBE REEF,Front,-19.80325539,150.1598332,0.677389264,1,0.935137033,25.78588581
RIB REEF,Back,-18.47965043,146.871284,0.358713314,0.399305556,11.23801327,26.80309391
RIB REEF,Flank1,-18.47514748,146.8759362,0.315850005,0.790571429,11.23967075,26.80309391
RIB REEF,Flank2,-18.48822301,146.8690105,0.301403716,0.868275862,10.84217405,26.80319786
RIB REEF,Front,-18.48698602,146.8806916,0.455762774,1,12.54255199,26.77790737
RIBBON NO 1 REEF,Back,-15.60611158,145.8010852,0.172391698,0.735384615,14.63978958,26.96069717
RIBBON NO 1 REEF,Flank1,-15.59575718,145.8032418,0.279745787,0.96,13.64738464,26.98326206
RIBBON NO 1 REEF,Flank2,-15.61741699,145.8052459,0.328017384,0.852307692,15.55630112,26.94309521
RIBBON NO 1 REEF,Front,-15.60632113,145.8098446,0.490121625,1,12.18968201,26.99325275
RIBBON NO 3 REEF,Back,-15.48854917,145.8048929,0.204251815,0.180864198,9.980787277,26.88380432
RIBBON NO 3 REEF,Flank1,-15.46681172,145.8063999,0.260193892,0.763333333,13.3407588,26.87643433
RIBBON NO 3 REEF,Flank2,-15.51138558,145.7976237,0.222781211,0.908125,14.16923809,26.9312458
RIBBON NO 3 REEF,Front,-15.49011734,145.8130534,0.589560285,0.99979798,11.57702732,26.88380432
RIBBON NO 6 REEF,Back,-15.2808175,145.7509965,0.150528327,0.378305085,11.80067682,26.88834858
RIBBON NO 6 REEF,Flank1,-15.258576,145.7476711,0.315771908,0.97625,15.4175806,26.92572212
RIBBON NO 6 REEF,Flank2,-15.29772338,145.7588158,0.527637243,0.988695652,13.05657482,26.9058876
RIBBON NO 6 REEF,Front,-15.27380263,145.7588926,0.774114057,0.999019608,11.80067682,26.88239861
RIBBON NO 9 REEF,Back,-14.98956876,145.7081976,0.153145745,0.054528302,11.78934574,26.84845638
RIBBON NO 9 REEF,Flank1,-14.96497701,145.7028549,0.15838116,0.59,11.05999756,26.84620857
RIBBON NO 9 REEF,Flank2,-15.01416655,145.6994868,0.17336645,0.57375,11.42869568,26.86240578
RIBBON NO 9 REEF,Front,-14.98881651,145.7139658,0.678263664,0.999478261,10.80012417,26.86683941
RODDA REEF,Back,-13.92392055,144.3455726,0.059328666,0.869705882,0.059442002,26.96085358
RODDA REEF,Flank1,-13.91360489,144.3547601,0.128156848,0.3725,0.141428284,26.89441776
RODDA REEF,Flank2,-13.93010773,144.3613394,0.085550945,0.913571429,11.03221607,26.99507141
RODDA REEF,Front,-13.91843136,144.367408,0.276616573,0.827317073,0.25232172,27.01573277
Rosser Reef,Back,NA,NA,NA,NA,6.234911919,NA
Rosser Reef,Flank1,NA,NA,NA,NA,0.188749701,NA
Rosser Reef,Flank2,NA,NA,NA,NA,0.173580617,NA
Rosser Reef,Front,NA,NA,NA,NA,11.93393421,NA
ROSSER REEF,Back,-15.59425162,145.5078549,0.302230328,0.49,NA,26.87281513
ROSSER REEF,Flank1,-15.61023394,145.5312121,0.18359372,0.44,NA,26.90159321
ROSSER REEF,Flank2,-15.61161095,145.5108191,0.249499165,0.43,NA,26.8860569
ROSSER REEF,Front,-15.62713464,145.5408937,0.301145598,0.88,NA,26.98710823
ROXBURGH REEF,Back,-18.43542185,147.0546621,0.227335848,0.71,14.48396206,26.67879391
ROXBURGH REEF,Flank1,-18.43148115,147.0596627,0.702288568,1,14.48396206,26.68410873
ROXBURGH REEF,Flank2,-18.44401632,147.0550184,0.4627937,0.997,15.81919003,26.6857357
ROXBURGH REEF,Front,-18.43852719,147.0598786,0.638662785,0.992857143,15.81919003,26.67879391
Rudder Reef,Back,NA,NA,NA,NA,12.95505667,NA
Rudder Reef,Flank1,NA,NA,NA,NA,12.99545574,NA
Rudder Reef,Flank2,NA,NA,NA,NA,8.697435379,NA
Rudder Reef,Front,NA,NA,NA,NA,12.99428368,NA
RUDDER REEF,Back,-16.17571371,145.7301705,0.306178987,0.56,NA,26.98207569
RUDDER REEF,Flank1,-16.17546725,145.7446797,0.458225086,0.93,NA,27.02182293
RUDDER REEF,Flank2,-16.18280494,145.7371948,0.400772959,0.78,NA,26.97481346
RUDDER REEF,Front,-16.18014645,145.7556785,0.527332217,1,NA,27.03093433
SAND BANK NO 1 REEF,Back,-14.19190339,144.8936301,0.392461002,0.984848485,2.421855688,26.77411079
SAND BANK NO 1 REEF,Flank1,-14.19987862,144.9045781,0.189944424,0.811666667,3.537919044,26.70244408
SAND BANK NO 1 REEF,Flank2,-14.19795975,144.8796938,0.087930432,0.847142857,8.863099098,26.69640064
SAND BANK NO 1 REEF,Front,-14.20709954,144.891351,0.1789538,0.458333333,0.18721512,26.70912075
SAND BANK NO 8 REEF,Back,-13.36451438,143.9537742,0.055390747,0.769375,10.03862572,27.01342773
SAND BANK NO 8 REEF,Flank1,-13.36179239,143.9634227,0.28108792,0.942142857,8.739566326,27.04691219
SAND BANK NO 8 REEF,Flank2,-13.37197135,143.9610116,0.15063931,0.828571429,11.36211395,27.01342773
SAND BANK NO 8 REEF,Front,-13.36782884,143.97071,0.344009668,0.848823529,15.34647942,27.04691219
SAVILLE-KENT REEF,Back,-18.85803557,147.898191,0.22417862,0.534189189,13.74865055,26.69291496
SAVILLE-KENT REEF,Flank1,-18.84216925,147.8936445,0.319837242,0.915384615,15.63086271,26.55364895
SAVILLE-KENT REEF,Flank2,-18.87316833,147.8932163,0.192874715,0.87952381,15.43895721,26.58844662
SAVILLE-KENT REEF,Front,-18.85713583,147.9033584,0.492355391,0.995645161,13.74865055,26.69291496
SAXON REEF,Back,-16.46436009,145.9814623,0.294924833,0.862777778,12.97608185,27.02917862
SAXON REEF,Flank1,-16.46015454,145.9909091,0.587222472,1,15.45880365,27.06059837
SAXON REEF,Flank2,-16.4679802,145.9845514,0.555558592,1,12.97608185,27.04077816
SAXON REEF,Front,-16.46409873,145.9923553,0.708162129,1,15.45880365,27.06007767
SCOTT REEF,Back,-17.06296149,146.1909565,0.311226331,0.464637681,1.093847752,26.88533688
SCOTT REEF,Flank1,-17.07008505,146.2050328,0.428375371,1,1.27499181,26.9898653
SCOTT REEF,Flank2,-17.07973743,146.1748072,0.320496917,0.631956522,10.41427231,26.82727146
SCOTT REEF,Front,-17.09246981,146.1969779,0.414039865,0.999347826,0.094537482,NA
SECOND SMALL REEF,Back,-12.5867975,143.7910708,0.086369641,0.990909091,11.74267673,27.13387966
SECOND SMALL REEF,Flank1,-12.58071883,143.791108,0.120367259,0.802142857,11.22833443,27.1318779
SECOND SMALL REEF,Flank2,-12.58346083,143.7991715,0.215339631,0.824285714,6.50083828,27.13457394
SECOND SMALL REEF,Front,-12.57681868,143.7983003,0.240443945,0.957,6.50083828,27.15241909
SHELL REEF,Back,-19.059927,148.1773777,0.141294077,0.910625,12.91502428,26.60353756
SHELL REEF,Flank1,-19.05259275,148.1826465,0.298184097,0.978461538,12.91502428,26.60940647
SHELL REEF,Flank2,-19.06179819,148.1839667,0.349614114,0.983888889,12.91502428,26.59377384
SHELL REEF,Front,-19.05436458,148.1916386,0.401993252,1,12.90218306,26.62198734
SHOWERS REEF,Back,-19.48934521,148.8914233,0.146441367,0.407209302,11.88115788,26.18141079
SHOWERS REEF,Flank1,-19.47827867,148.9070134,0.366836555,0.744761905,11.79864073,26.50812149
SHOWERS REEF,Flank2,-19.50662705,148.8911549,0.361104444,0.97,8.877742767,26.19913769
SHOWERS REEF,Front,-19.49570749,148.9084848,0.602029085,0.99475,12.45908165,26.1818924
SHRIMP REEF,Back,-18.9528816,148.0818909,0.165981792,0.64627907,13.24017429,26.51997375
SHRIMP REEF,Flank1,-18.94427372,148.0788835,0.257110581,0.938461538,14.29800797,26.58139324
SHRIMP REEF,Flank2,-18.96584392,148.0761864,0.354968667,0.97,13.9701457,26.60241032
SHRIMP REEF,Front,-18.94886118,148.0892267,0.574554875,1,12.18686771,26.57071304
SIR CHARLES HARDY ISLANDS (1),Back,-11.90680027,143.4665235,0.0809252,0.9325,14.25155354,27.23759079
SIR CHARLES HARDY ISLANDS (1),Flank1,-11.9002179,143.4664911,0.075185727,0.723125,12.64903736,27.25661564
SIR CHARLES HARDY ISLANDS (1),Flank2,-11.9063102,143.473712,0.174312375,0.993333333,14.25155354,27.2396698
SIR CHARLES HARDY ISLANDS (1),Front,-11.90032975,143.4745486,0.23714897,0.988888889,13.48102665,27.25542545
SIR CHARLES HARDY ISLANDS (2),Back,-11.91997483,143.475411,0.055932893,0.988181818,14.70252275,27.24549198
SIR CHARLES HARDY ISLANDS (2),Flank1,-11.91361243,143.4786163,0.110400997,0.860769231,13.86782074,27.2396698
SIR CHARLES HARDY ISLANDS (2),Flank2,-11.9229032,143.4825377,0.106718497,1,15.42035818,27.24549198
SIR CHARLES HARDY ISLANDS (2),Front,-11.91768355,143.4857953,0.21782957,0.997692308,15.42035818,27.2478447
SLATE REEF,Back,-19.67395652,149.9267698,0.421996891,0.983333333,4.920232296,26.26883221
SLATE REEF,Flank1,-19.66385234,149.9174347,0.329696238,0.982666667,9.966340065,25.90047741
SLATE REEF,Flank2,-19.67769722,149.9334965,0.541856319,0.996666667,14.59450102,26.26890755
SLATE REEF,Front,-19.66560188,149.9292079,0.570610523,0.997857143,10.24281788,25.87007332
SMALL LAGOON REEF,Back,-21.8746401,152.512475,0.159956664,0.416590909,5.01222229,24.98659801
SMALL LAGOON REEF,Flank1,-21.86758508,152.5144041,0.29859069,0.677317073,5.01222229,25.6239748
SMALL LAGOON REEF,Flank2,-21.87980517,152.5161352,0.246459037,0.82,10.51083517,25.6169138
SMALL LAGOON REEF,Front,-21.87437698,152.5223172,0.543748617,0.973636364,10.42140961,25.62070656
SNAKE (22088),Back,-22.02791774,152.1592892,0.270176098,0.248,15.25234318,25.50555992
SNAKE (22088),Flank1,-22.02860082,152.1900256,0.651704356,1,13.20717049,25.51959133
SNAKE (22088),Flank2,-22.02779154,152.110363,0.538237169,0.670869565,13.13814545,25.56873131
SNAKE (22088),Front,-22.03480772,152.1475531,0.816680819,1,10.45235729,25.51129055
SOUTH DIRECTION REEF (NORTH),Back,-14.81656534,145.5233161,0.190411039,0.38625,14.10722733,26.88349628
SOUTH DIRECTION REEF (NORTH),Flank1,-14.81671118,145.5265609,0.184323784,0.883571429,14.10722733,26.90713024
SOUTH DIRECTION REEF (NORTH),Flank2,-14.82610047,145.5202096,0.076761628,0.4975,16.4388752,26.89410496
SOUTH DIRECTION REEF (NORTH),Front,-14.83076235,145.5250307,0.297343269,0.991666667,14.4822216,26.89410496
ST CRISPIN REEF,Back,-16.10174091,145.8449385,0.268602178,0.222694805,5.584291935,26.87089348
ST CRISPIN REEF,Flank1,-16.08115726,145.8577882,0.61057888,0.994590164,11.39725828,26.9523325
ST CRISPIN REEF,Flank2,-16.12535585,145.8443546,0.693295956,0.944057971,12.6991272,26.86656189
ST CRISPIN REEF,Front,-16.10597702,145.8603205,0.695788205,0.985701754,12.09024,27.0718441
Stanley Reef,Back,NA,NA,NA,NA,12.44399738,NA
Stanley Reef,Flank1,NA,NA,NA,NA,10.47467279,NA
Stanley Reef,Flank2,NA,NA,NA,NA,13.5118885,NA
Stanley Reef,Front,NA,NA,NA,NA,12.46360111,NA
STANLEY REEF,Back,-19.30209127,148.0874185,0.044478051,0.56,NA,26.5156889
STANLEY REEF,Flank1,-19.27233831,148.1106888,0.159748711,0.41,NA,26.42265987
STANLEY REEF,Flank2,-19.32655358,148.1035667,0.324778438,0.86,NA,26.51037025
STANLEY REEF,Front,-19.29883693,148.1383093,0.431069985,0.83,NA,26.47374916
STARTLE (EAST),Back,-15.20832527,145.5852256,0.223701134,0.28969697,12.92566204,26.81575584
STARTLE (EAST),Flank1,-15.20850044,145.5958012,0.158115614,0.891111111,13.99249887,26.85993099
STARTLE (EAST),Flank2,-15.21304229,145.5809591,0.167650133,0.670967742,11.13843822,26.81575584
STARTLE (EAST),Front,-15.21570301,145.5952048,0.336671978,0.979411765,13.99249887,26.85993099
SWINGER REEF,Back,-15.24178781,145.5312224,0.148829527,0.443333333,11.77540874,26.81295395
SWINGER REEF,Flank1,-15.2413735,145.5378258,0.335788876,0.726,11.77540874,26.82988739
SWINGER REEF,Flank2,-15.24687876,145.5316877,0.165183466,0.7125,11.77540874,26.81295395
SWINGER REEF,Front,-15.24657113,145.5386905,0.211546279,0.763076923,11.77540874,26.82988739
TAYLOR REEF,Back,-17.82801025,146.5642745,NA,0.198595041,9.399239063,26.92756462
TAYLOR REEF,Flank1,-17.81238463,146.5659037,NA,0.586153846,13.62358952,26.90889931
TAYLOR REEF,Flank2,-17.84342843,146.5538346,NA,0.691428571,12.37869644,26.82672596
TAYLOR REEF,Front,-17.82637352,146.5717278,NA,0.996125,9.399239063,26.92756462
TERN REEF(20309),Back,-20.90067844,150.0320179,0.411087424,0.768823529,11.05430651,26.04331017
TERN REEF(20309),Flank1,-20.90861679,150.0403078,0.520181775,0.977142857,11.30473614,26.35167789
TERN REEF(20309),Flank2,-20.90979347,150.0265702,0.252382964,0.515151515,11.30473614,25.98105049
TERN REEF(20309),Front,-20.91838335,150.0346821,0.334935054,0.927916667,13.62226105,26.02566528
THETFORD REEF,Back,-16.80222748,146.1883626,0.301639736,0.55578125,12.68020344,26.9735899
THETFORD REEF,Flank1,-16.80200432,146.1992897,0.663503349,0.9924,14.78948784,27.06390476
THETFORD REEF,Flank2,-16.81121091,146.178017,0.234581962,0.718666667,9.27654171,26.98708344
THETFORD REEF,Front,-16.81399855,146.1896494,0.533048689,0.912941176,15.47489548,27.0508852
TURNER REEF,Back,-21.71246742,152.5459908,0.345276177,0.893170732,5.503316879,25.68274117
TURNER REEF,Flank1,-21.7059637,152.5672451,0.78904745,0.996875,11.23392296,25.66249943
TURNER REEF,Flank2,-21.72829846,152.5497746,0.277077295,0.916595745,9.027028084,25.69389057
TURNER REEF,Front,-21.72510359,152.5699256,0.921487316,0.999333333,4.801661491,25.68405437
Two Islands Reef,Back,NA,NA,NA,NA,14.87415934,NA
Two Islands Reef,Flank1,NA,NA,NA,NA,13.94875336,NA
Two Islands Reef,Flank2,NA,NA,NA,NA,13.6554637,NA
Two Islands Reef,Front,NA,NA,NA,NA,15.35649395,NA
TWO ISLANDS REEF,Back,-15.01979736,145.4341178,0.217124477,NA,NA,26.78694057
TWO ISLANDS REEF,Flank1,-15.01841074,145.4447408,0.211023949,NA,NA,26.78559875
TWO ISLANDS REEF,Flank2,-15.02664719,145.4372264,0.275214702,NA,NA,26.78704834
TWO ISLANDS REEF,Front,-15.02603589,145.448118,0.255301654,NA,NA,26.79198933
TYDEMAN REEF,Back,-13.98293239,144.5011744,0.126530914,0.776,0.000997281,26.940938
TYDEMAN REEF,Flank1,-13.97046045,144.5203701,0.260371216,0.888181818,0.068295073,26.96238804
TYDEMAN REEF,Flank2,-13.99207415,144.5237438,0.239097297,0.805,10.59808826,26.8110218
TYDEMAN REEF,Front,-13.97836016,144.5415936,0.233282581,0.976315789,1.118780911,26.85281658
Upolo Reef,Back,NA,NA,NA,NA,7.183901787,NA
Upolo Reef,Flank1,NA,NA,NA,NA,7.183901787,NA
Upolo Reef,Flank2,NA,NA,NA,NA,11.903337,NA
Upolo Reef,Front,NA,NA,NA,NA,8.841032028,NA
UPOLO REEF,Back,-16.67600361,145.9298712,0.221541986,0.18,NA,26.88130093
UPOLO REEF,Flank1,-16.66920863,145.9392136,0.174799755,0.11,NA,27.0718441
UPOLO REEF,Flank2,-16.68531019,145.9398588,0.279367417,0.42,NA,27.15230083
UPOLO REEF,Front,-16.67620138,145.9496834,0.184006825,0.29,NA,27.0718441
VIPER REEF,Back,-18.87264814,148.14665,0.192181297,0.568333333,13.41546917,26.67489624
VIPER REEF,Flank1,-18.86813522,148.1514642,0.486013636,0.954666667,13.41546917,26.67489624
VIPER REEF,Flank2,-18.87757562,148.1452665,0.295274653,0.961666667,14.45381784,26.67568684
VIPER REEF,Front,-18.87618243,148.1543628,0.51664938,1,14.45381784,26.67489624
VLASOFF REEF,Back,-16.64671033,145.9983287,0.263602465,0.064074074,11.02091169,27.0120573
VLASOFF REEF,Flank1,-16.63995929,146.0074854,0.437993459,0.8075,15.33342457,27.04454899
VLASOFF REEF,Flank2,-16.65700769,145.9892563,0.412078008,0.025,13.32201958,26.92633057
VLASOFF REEF,Front,-16.6535703,146.0030317,0.252345324,0.584883721,12.13251877,27.0120573
WADE REEF,Back,-21.98397999,152.6398268,0.263965301,0.897777778,5.353602409,25.578475
WADE REEF,Flank1,-21.98144287,152.6518171,0.515604794,0.991818182,4.038820267,25.56524086
WADE REEF,Flank2,-21.98935127,152.644374,0.360767946,0.861176471,5.353602409,25.58273792
WADE REEF,Front,-21.98774485,152.656323,0.594486192,1,4.038820267,25.56455803
WANSFELL REEF,Back,-19.49941049,149.1150869,0.127190467,0.874,1.107469916,26.17096329
WANSFELL REEF,Flank1,-19.48131768,149.1161176,0.357711822,0.947,8.563181877,26.34608459
WANSFELL REEF,Flank2,-19.52124609,149.1247807,0.275174193,0.9675,9.052902222,26.16476822
WANSFELL REEF,Front,-19.49819305,149.1233738,0.350379542,0.657142857,1.107469916,26.15538025
WARDLE REEF,Back,-17.44328874,146.5472525,0.360119566,0.786276596,11.30555344,26.95742035
WARDLE REEF,Flank1,-17.44792759,146.5557693,0.74390161,1,14.85555744,27.01183414
WARDLE REEF,Flank2,-17.45382774,146.5228349,0.397994258,0.837083333,8.918841839,26.96946335
WARDLE REEF,Front,-17.45745707,146.5349751,0.426522985,0.994166667,10.43890858,26.96946335
WHEELER REEF,Back,-18.79641293,147.5228392,0.216604859,0.688823529,10.90820026,27.33808422
WHEELER REEF,Flank1,-18.79375369,147.5316485,0.379919216,0.947777778,13.75568104,27.33808422
WHEELER REEF,Flank2,-18.80364118,147.5265557,0.25969404,1,15.23638439,26.81669235
WHEELER REEF,Front,-18.80019742,147.5342565,0.575125784,0.986666667,13.75568104,26.81588459
WRECK ISLAND REEF,Back,-23.32346859,151.964981,0.373298526,0.772,0.38241148,24.76502037
WRECK ISLAND REEF,Flank1,-23.32651652,151.9812561,0.801009268,1,7.782355785,24.67540073
WRECK ISLAND REEF,Flank2,-23.33490967,151.9523401,0.421430469,0.714375,10.26766396,24.7903595
WRECK ISLAND REEF,Front,-23.33727686,151.9680552,0.630202204,1,8.417705536,24.74083042
YONGE REEF,Back,-14.60051154,145.6213442,NA,0.26920354,10.07575417,26.81759834
YONGE REEF,Flank1,-14.57480497,145.6132067,NA,0.931,12.48498344,26.82206154
YONGE REEF,Flank2,-14.62294664,145.6247002,NA,0.956666667,10.22675323,26.85181713
YONGE REEF,Front,-14.59629121,145.6305058,NA,0.999222222,13.71187687,26.85030746
